Source,Target
살인자,뉴스
살인자,뉴스
살인자,뉴스
살인자,뉴스
살인자,뉴스
살인자,뉴스
살인자,뉴스
살인자,뉴스
살인자,뉴스
살인자,뉴스
살인자,뉴스
살인자,뉴스
살인자,뉴스
살인자,뉴스
살인자,뉴스
살인자,뉴스
살인자,뉴스
살인자,뉴스
살인자,뉴스
살인자,뉴스
살인자,뉴스
살인자,뉴스
살인자,뉴스
살인자,뉴스
살인자,뉴스
살인자,뉴스
살인자,뉴스
살인자,뉴스
살인자,뉴스
살인자,뉴스
살인자,뉴스
살인자,뉴스
살인자,뉴스
살인자,뉴스
살인자,뉴스
살인자,가짜
살인자,가짜
살인자,가짜
살인자,가짜
살인자,가짜
살인자,가짜
살인자,가짜
살인자,가짜
살인자,가짜
살인자,가짜
살인자,가짜
살인자,가짜
살인자,가짜
살인자,가짜
살인자,가짜
살인자,가짜
살인자,가짜
살인자,가짜
살인자,가짜
살인자,가짜
살인자,가짜
살인자,가짜
살인자,가짜
살인자,가짜
살인자,가짜
살인자,가짜
살인자,가짜
살인자,가짜
살인자,경찰
살인자,경찰
살인자,경찰
살인자,경찰
살인자,경찰
살인자,경찰
살인자,경찰
살인자,경찰
살인자,경찰
살인자,경찰
살인자,경찰
살인자,경찰
살인자,경찰
살인자,경찰
살인자,경찰
살인자,경찰
살인자,경찰
살인자,경찰
살인자,경찰
살인자,경찰
살인자,경찰
살인자,경찰
살인자,경찰
살인자,경찰
살인자,경찰
살인자,경찰
살인자,경찰
살인자,경찰
살인자,정의
살인자,정의
살인자,정의
살인자,정의
살인자,정의
살인자,정의
살인자,정의
살인자,정의
살인자,정의
살인자,정의
살인자,정의
살인자,정의
살인자,정의
살인자,정의
살인자,정의
살인자,정의
살인자,정의
살인자,정의
살인자,정의
살인자,정의
살인자,정의
살인자,정의
살인자,정의
살인자,정의
살인자,정의
살인자,정의
살인자,정의
살인자,정의
살인자,시민
살인자,시민
살인자,시민
살인자,시민
살인자,시민
살인자,시민
살인자,시민
살인자,시민
살인자,시민
살인자,시민
살인자,시민
살인자,시민
살인자,시민
살인자,시민
살인자,시민
살인자,시민
살인자,시민
살인자,시민
살인자,시민
살인자,시민
살인자,시민
살인자,시민
살인자,시민
살인자,시민
살인자,시민
살인자,시민
살인자,시민
살인자,시민
살인자,사건
살인자,사건
살인자,사건
살인자,사건
살인자,사건
살인자,사건
살인자,사건
살인자,사건
살인자,사건
살인자,사건
살인자,사건
살인자,사건
살인자,사건
살인자,사건
살인자,사건
살인자,사건
살인자,사건
살인자,사건
살인자,사건
살인자,사건
살인자,사건
살인자,국민
살인자,국민
살인자,국민
살인자,국민
살인자,국민
살인자,국민
살인자,국민
살인자,국민
살인자,국민
살인자,국민
살인자,국민
살인자,국민
살인자,국민
살인자,국민
살인자,국민
살인자,국민
살인자,국민
살인자,국민
살인자,국민
살인자,국민
살인자,국민
살인자,피해자
살인자,피해자
살인자,피해자
살인자,피해자
살인자,피해자
살인자,피해자
살인자,피해자
살인자,피해자
살인자,피해자
살인자,피해자
살인자,피해자
살인자,피해자
살인자,피해자
살인자,피해자
살인자,피해자
살인자,피해자
살인자,피해자
살인자,피해자
살인자,피해자
살인자,피해자
살인자,피해자
살인자,사람
살인자,사람
살인자,사람
살인자,사람
살인자,사람
살인자,사람
살인자,사람
살인자,사람
살인자,사람
살인자,사람
살인자,사람
살인자,사람
살인자,사람
살인자,사람
살인자,사람
살인자,사람
살인자,사람
살인자,사람
살인자,사람
살인자,사람
살인자,사람
살인자,처벌
살인자,처벌
살인자,처벌
살인자,처벌
살인자,처벌
살인자,처벌
살인자,처벌
살인자,처벌
살인자,처벌
살인자,처벌
살인자,처벌
살인자,처벌
살인자,처벌
살인자,처벌
살인자,발생
살인자,발생
살인자,발생
살인자,발생
살인자,발생
살인자,발생
살인자,발생
살인자,발생
살인자,발생
살인자,발생
살인자,발생
살인자,발생
살인자,발생
살인자,발생
살인자,결과
살인자,결과
살인자,결과
살인자,결과
살인자,결과
살인자,결과
살인자,결과
살인자,결과
살인자,결과
살인자,결과
살인자,결과
살인자,결과
살인자,결과
살인자,결과
살인자,가해자
살인자,가해자
살인자,가해자
살인자,가해자
살인자,가해자
살인자,가해자
살인자,가해자
살인자,가해자
살인자,가해자
살인자,가해자
살인자,가해자
살인자,가해자
살인자,가해자
살인자,가해자
살인자,정황
살인자,정황
살인자,정황
살인자,정황
살인자,정황
살인자,정황
살인자,정황
살인자,정황
살인자,정황
살인자,정황
살인자,정황
살인자,정황
살인자,정황
살인자,정황
살인자,혼란
살인자,혼란
살인자,혼란
살인자,혼란
살인자,혼란
살인자,혼란
살인자,혼란
살인자,혼란
살인자,혼란
살인자,혼란
살인자,혼란
살인자,혼란
살인자,혼란
살인자,혼란
살인자,목격자
살인자,목격자
살인자,목격자
살인자,목격자
살인자,목격자
살인자,목격자
살인자,목격자
살인자,목격자
살인자,목격자
살인자,목격자
살인자,목격자
살인자,목격자
살인자,목격자
살인자,목격자
살인자,잔혹
살인자,잔혹
살인자,잔혹
살인자,잔혹
살인자,잔혹
살인자,잔혹
살인자,잔혹
살인자,잔혹
살인자,잔혹
살인자,잔혹
살인자,잔혹
살인자,잔혹
살인자,잔혹
살인자,잔혹
살인자,죄목
살인자,죄목
살인자,죄목
살인자,죄목
살인자,죄목
살인자,죄목
살인자,죄목
살인자,죄목
살인자,죄목
살인자,죄목
살인자,죄목
살인자,죄목
살인자,죄목
살인자,죄목
살인자,여성
살인자,여성
살인자,여성
살인자,여성
살인자,여성
살인자,여성
살인자,여성
살인자,여성
살인자,여성
살인자,여성
살인자,여성
살인자,여성
살인자,여성
살인자,여성
살인자,말
살인자,말
살인자,말
살인자,말
살인자,말
살인자,말
살인자,말
살인자,말
살인자,말
살인자,말
살인자,말
살인자,말
살인자,말
살인자,말
살인자,행위
살인자,행위
살인자,행위
살인자,행위
살인자,행위
살인자,행위
살인자,행위
살인자,행위
살인자,행위
살인자,행위
살인자,행위
살인자,행위
살인자,행위
살인자,행위
살인자,당시
살인자,당시
살인자,당시
살인자,당시
살인자,당시
살인자,당시
살인자,당시
살인자,당시
살인자,당시
살인자,당시
살인자,당시
살인자,당시
살인자,당시
살인자,당시
살인자,살인
살인자,살인
살인자,살인
살인자,살인
살인자,살인
살인자,살인
살인자,살인
살인자,살인
살인자,살인
살인자,살인
살인자,살인
살인자,살인
살인자,살인
살인자,살인
살인자,거짓
살인자,거짓
살인자,거짓
살인자,거짓
살인자,거짓
살인자,거짓
살인자,거짓
살인자,거짓
살인자,거짓
살인자,거짓
살인자,거짓
살인자,거짓
살인자,거짓
살인자,거짓
살인자,계속
살인자,계속
살인자,계속
살인자,계속
살인자,계속
살인자,계속
살인자,계속
살인자,계속
살인자,계속
살인자,계속
살인자,계속
살인자,계속
살인자,계속
살인자,계속
살인자,사회
살인자,사회
살인자,사회
살인자,사회
살인자,사회
살인자,사회
살인자,사회
살인자,사회
살인자,사회
살인자,사회
살인자,사회
살인자,사회
살인자,사회
살인자,사회
살인자,문제
살인자,문제
살인자,문제
살인자,문제
살인자,문제
살인자,문제
살인자,문제
살인자,문제
살인자,문제
살인자,문제
살인자,문제
살인자,문제
살인자,문제
살인자,문제
살인자,문재인
살인자,문재인
살인자,문재인
살인자,문재인
살인자,문재인
살인자,문재인
살인자,문재인
살인자,대통령
살인자,대통령
살인자,대통령
살인자,대통령
살인자,대통령
살인자,대통령
살인자,대통령
살인자,엄중
살인자,엄중
살인자,엄중
살인자,엄중
살인자,엄중
살인자,엄중
살인자,엄중
살인자,이제
살인자,이제
살인자,이제
살인자,이제
살인자,이제
살인자,이제
살인자,이제
살인자,첫
살인자,첫
살인자,첫
살인자,첫
살인자,첫
살인자,첫
살인자,첫
살인자,칼
살인자,칼
살인자,칼
살인자,칼
살인자,칼
살인자,칼
살인자,칼
살인자,빼
살인자,빼
살인자,빼
살인자,빼
살인자,빼
살인자,빼
살인자,빼
살인자,차례
살인자,차례
살인자,차례
살인자,차례
살인자,차례
살인자,차례
살인자,차례
살인자,이번
살인자,이번
살인자,이번
살인자,이번
살인자,이번
살인자,이번
살인자,이번
살인자,최근
살인자,최근
살인자,최근
살인자,최근
살인자,최근
살인자,최근
살인자,최근
살인자,강력범죄
살인자,강력범죄
살인자,강력범죄
살인자,강력범죄
살인자,강력범죄
살인자,강력범죄
살인자,강력범죄
살인자,온
살인자,온
살인자,온
살인자,온
살인자,온
살인자,온
살인자,온
살인자,농락
살인자,농락
살인자,농락
살인자,농락
살인자,농락
살인자,농락
살인자,농락
살인자,초래
살인자,초래
살인자,초래
살인자,초래
살인자,초래
살인자,초래
살인자,초래
살인자,상황
살인자,상황
살인자,상황
살인자,상황
살인자,상황
살인자,상황
살인자,상황
살인자,낙인
살인자,낙인
살인자,낙인
살인자,낙인
살인자,낙인
살인자,낙인
살인자,낙인
살인자,스스로
살인자,스스로
살인자,스스로
살인자,스스로
살인자,스스로
살인자,스스로
살인자,스스로
살인자,자신
살인자,자신
살인자,자신
살인자,자신
살인자,자신
살인자,자신
살인자,자신
살인자,증거
살인자,증거
살인자,증거
살인자,증거
살인자,증거
살인자,증거
살인자,증거
살인자,퍼트
살인자,퍼트
살인자,퍼트
살인자,퍼트
살인자,퍼트
살인자,퍼트
살인자,퍼트
살인자,려
살인자,려
살인자,려
살인자,려
살인자,려
살인자,려
살인자,려
살인자,진실
살인자,진실
살인자,진실
살인자,진실
살인자,진실
살인자,진실
살인자,진실
살인자,뉴스
살인자,뉴스
살인자,뉴스
살인자,뉴스
살인자,뉴스
살인자,뉴스
살인자,뉴스
살인자,뉴스
살인자,뉴스
살인자,뉴스
살인자,뉴스
살인자,뉴스
살인자,뉴스
살인자,뉴스
살인자,뉴스
살인자,뉴스
살인자,뉴스
살인자,뉴스
살인자,뉴스
살인자,뉴스
살인자,뉴스
살인자,뉴스
살인자,뉴스
살인자,뉴스
살인자,뉴스
살인자,뉴스
살인자,뉴스
살인자,뉴스
살인자,뉴스
살인자,뉴스
살인자,뉴스
살인자,뉴스
살인자,뉴스
살인자,뉴스
살인자,뉴스
살인자,가짜
살인자,가짜
살인자,가짜
살인자,가짜
살인자,가짜
살인자,가짜
살인자,가짜
살인자,가짜
살인자,가짜
살인자,가짜
살인자,가짜
살인자,가짜
살인자,가짜
살인자,가짜
살인자,가짜
살인자,가짜
살인자,가짜
살인자,가짜
살인자,가짜
살인자,가짜
살인자,가짜
살인자,가짜
살인자,가짜
살인자,가짜
살인자,가짜
살인자,가짜
살인자,가짜
살인자,가짜
살인자,경찰
살인자,경찰
살인자,경찰
살인자,경찰
살인자,경찰
살인자,경찰
살인자,경찰
살인자,경찰
살인자,경찰
살인자,경찰
살인자,경찰
살인자,경찰
살인자,경찰
살인자,경찰
살인자,경찰
살인자,경찰
살인자,경찰
살인자,경찰
살인자,경찰
살인자,경찰
살인자,경찰
살인자,경찰
살인자,경찰
살인자,경찰
살인자,경찰
살인자,경찰
살인자,경찰
살인자,경찰
살인자,정의
살인자,정의
살인자,정의
살인자,정의
살인자,정의
살인자,정의
살인자,정의
살인자,정의
살인자,정의
살인자,정의
살인자,정의
살인자,정의
살인자,정의
살인자,정의
살인자,정의
살인자,정의
살인자,정의
살인자,정의
살인자,정의
살인자,정의
살인자,정의
살인자,정의
살인자,정의
살인자,정의
살인자,정의
살인자,정의
살인자,정의
살인자,정의
살인자,시민
살인자,시민
살인자,시민
살인자,시민
살인자,시민
살인자,시민
살인자,시민
살인자,시민
살인자,시민
살인자,시민
살인자,시민
살인자,시민
살인자,시민
살인자,시민
살인자,시민
살인자,시민
살인자,시민
살인자,시민
살인자,시민
살인자,시민
살인자,시민
살인자,시민
살인자,시민
살인자,시민
살인자,시민
살인자,시민
살인자,시민
살인자,시민
살인자,사건
살인자,사건
살인자,사건
살인자,사건
살인자,사건
살인자,사건
살인자,사건
살인자,사건
살인자,사건
살인자,사건
살인자,사건
살인자,사건
살인자,사건
살인자,사건
살인자,사건
살인자,사건
살인자,사건
살인자,사건
살인자,사건
살인자,사건
살인자,사건
살인자,국민
살인자,국민
살인자,국민
살인자,국민
살인자,국민
살인자,국민
살인자,국민
살인자,국민
살인자,국민
살인자,국민
살인자,국민
살인자,국민
살인자,국민
살인자,국민
살인자,국민
살인자,국민
살인자,국민
살인자,국민
살인자,국민
살인자,국민
살인자,국민
살인자,피해자
살인자,피해자
살인자,피해자
살인자,피해자
살인자,피해자
살인자,피해자
살인자,피해자
살인자,피해자
살인자,피해자
살인자,피해자
살인자,피해자
살인자,피해자
살인자,피해자
살인자,피해자
살인자,피해자
살인자,피해자
살인자,피해자
살인자,피해자
살인자,피해자
살인자,피해자
살인자,피해자
살인자,사람
살인자,사람
살인자,사람
살인자,사람
살인자,사람
살인자,사람
살인자,사람
살인자,사람
살인자,사람
살인자,사람
살인자,사람
살인자,사람
살인자,사람
살인자,사람
살인자,사람
살인자,사람
살인자,사람
살인자,사람
살인자,사람
살인자,사람
살인자,사람
살인자,처벌
살인자,처벌
살인자,처벌
살인자,처벌
살인자,처벌
살인자,처벌
살인자,처벌
살인자,처벌
살인자,처벌
살인자,처벌
살인자,처벌
살인자,처벌
살인자,처벌
살인자,처벌
살인자,발생
살인자,발생
살인자,발생
살인자,발생
살인자,발생
살인자,발생
살인자,발생
살인자,발생
살인자,발생
살인자,발생
살인자,발생
살인자,발생
살인자,발생
살인자,발생
살인자,결과
살인자,결과
살인자,결과
살인자,결과
살인자,결과
살인자,결과
살인자,결과
살인자,결과
살인자,결과
살인자,결과
살인자,결과
살인자,결과
살인자,결과
살인자,결과
살인자,가해자
살인자,가해자
살인자,가해자
살인자,가해자
살인자,가해자
살인자,가해자
살인자,가해자
살인자,가해자
살인자,가해자
살인자,가해자
살인자,가해자
살인자,가해자
살인자,가해자
살인자,가해자
살인자,정황
살인자,정황
살인자,정황
살인자,정황
살인자,정황
살인자,정황
살인자,정황
살인자,정황
살인자,정황
살인자,정황
살인자,정황
살인자,정황
살인자,정황
살인자,정황
살인자,혼란
살인자,혼란
살인자,혼란
살인자,혼란
살인자,혼란
살인자,혼란
살인자,혼란
살인자,혼란
살인자,혼란
살인자,혼란
살인자,혼란
살인자,혼란
살인자,혼란
살인자,혼란
살인자,목격자
살인자,목격자
살인자,목격자
살인자,목격자
살인자,목격자
살인자,목격자
살인자,목격자
살인자,목격자
살인자,목격자
살인자,목격자
살인자,목격자
살인자,목격자
살인자,목격자
살인자,목격자
살인자,잔혹
살인자,잔혹
살인자,잔혹
살인자,잔혹
살인자,잔혹
살인자,잔혹
살인자,잔혹
살인자,잔혹
살인자,잔혹
살인자,잔혹
살인자,잔혹
살인자,잔혹
살인자,잔혹
살인자,잔혹
살인자,죄목
살인자,죄목
살인자,죄목
살인자,죄목
살인자,죄목
살인자,죄목
살인자,죄목
살인자,죄목
살인자,죄목
살인자,죄목
살인자,죄목
살인자,죄목
살인자,죄목
살인자,죄목
살인자,여성
살인자,여성
살인자,여성
살인자,여성
살인자,여성
살인자,여성
살인자,여성
살인자,여성
살인자,여성
살인자,여성
살인자,여성
살인자,여성
살인자,여성
살인자,여성
살인자,말
살인자,말
살인자,말
살인자,말
살인자,말
살인자,말
살인자,말
살인자,말
살인자,말
살인자,말
살인자,말
살인자,말
살인자,말
살인자,말
살인자,행위
살인자,행위
살인자,행위
살인자,행위
살인자,행위
살인자,행위
살인자,행위
살인자,행위
살인자,행위
살인자,행위
살인자,행위
살인자,행위
살인자,행위
살인자,행위
살인자,당시
살인자,당시
살인자,당시
살인자,당시
살인자,당시
살인자,당시
살인자,당시
살인자,당시
살인자,당시
살인자,당시
살인자,당시
살인자,당시
살인자,당시
살인자,당시
살인자,살인
살인자,살인
살인자,살인
살인자,살인
살인자,살인
살인자,살인
살인자,살인
살인자,살인
살인자,살인
살인자,살인
살인자,살인
살인자,살인
살인자,살인
살인자,살인
살인자,거짓
살인자,거짓
살인자,거짓
살인자,거짓
살인자,거짓
살인자,거짓
살인자,거짓
살인자,거짓
살인자,거짓
살인자,거짓
살인자,거짓
살인자,거짓
살인자,거짓
살인자,거짓
살인자,계속
살인자,계속
살인자,계속
살인자,계속
살인자,계속
살인자,계속
살인자,계속
살인자,계속
살인자,계속
살인자,계속
살인자,계속
살인자,계속
살인자,계속
살인자,계속
살인자,사회
살인자,사회
살인자,사회
살인자,사회
살인자,사회
살인자,사회
살인자,사회
살인자,사회
살인자,사회
살인자,사회
살인자,사회
살인자,사회
살인자,사회
살인자,사회
살인자,문제
살인자,문제
살인자,문제
살인자,문제
살인자,문제
살인자,문제
살인자,문제
살인자,문제
살인자,문제
살인자,문제
살인자,문제
살인자,문제
살인자,문제
살인자,문제
살인자,문재인
살인자,문재인
살인자,문재인
살인자,문재인
살인자,문재인
살인자,문재인
살인자,문재인
살인자,대통령
살인자,대통령
살인자,대통령
살인자,대통령
살인자,대통령
살인자,대통령
살인자,대통령
살인자,엄중
살인자,엄중
살인자,엄중
살인자,엄중
살인자,엄중
살인자,엄중
살인자,엄중
살인자,이제
살인자,이제
살인자,이제
살인자,이제
살인자,이제
살인자,이제
살인자,이제
살인자,첫
살인자,첫
살인자,첫
살인자,첫
살인자,첫
살인자,첫
살인자,첫
살인자,칼
살인자,칼
살인자,칼
살인자,칼
살인자,칼
살인자,칼
살인자,칼
살인자,빼
살인자,빼
살인자,빼
살인자,빼
살인자,빼
살인자,빼
살인자,빼
살인자,차례
살인자,차례
살인자,차례
살인자,차례
살인자,차례
살인자,차례
살인자,차례
살인자,이번
살인자,이번
살인자,이번
살인자,이번
살인자,이번
살인자,이번
살인자,이번
살인자,최근
살인자,최근
살인자,최근
살인자,최근
살인자,최근
살인자,최근
살인자,최근
살인자,강력범죄
살인자,강력범죄
살인자,강력범죄
살인자,강력범죄
살인자,강력범죄
살인자,강력범죄
살인자,강력범죄
살인자,온
살인자,온
살인자,온
살인자,온
살인자,온
살인자,온
살인자,온
살인자,농락
살인자,농락
살인자,농락
살인자,농락
살인자,농락
살인자,농락
살인자,농락
살인자,초래
살인자,초래
살인자,초래
살인자,초래
살인자,초래
살인자,초래
살인자,초래
살인자,상황
살인자,상황
살인자,상황
살인자,상황
살인자,상황
살인자,상황
살인자,상황
살인자,낙인
살인자,낙인
살인자,낙인
살인자,낙인
살인자,낙인
살인자,낙인
살인자,낙인
살인자,스스로
살인자,스스로
살인자,스스로
살인자,스스로
살인자,스스로
살인자,스스로
살인자,스스로
살인자,자신
살인자,자신
살인자,자신
살인자,자신
살인자,자신
살인자,자신
살인자,자신
살인자,증거
살인자,증거
살인자,증거
살인자,증거
살인자,증거
살인자,증거
살인자,증거
살인자,퍼트
살인자,퍼트
살인자,퍼트
살인자,퍼트
살인자,퍼트
살인자,퍼트
살인자,퍼트
살인자,려
살인자,려
살인자,려
살인자,려
살인자,려
살인자,려
살인자,려
살인자,진실
살인자,진실
살인자,진실
살인자,진실
살인자,진실
살인자,진실
살인자,진실
대통령,언론
대통령,언론
대통령,언론
대통령,언론
대통령,계정
대통령,계정
대통령,계정
대통령,계정
대통령,수사
대통령,수사
대통령,수사
대통령,수사
대통령,법무부
대통령,법무부
대통령,법무부
대통령,법무부
대통령,꼭
대통령,꼭
대통령,꼭
대통령,꼭
대통령,연일
대통령,연일
대통령,메인
대통령,메인
대통령,장식
대통령,장식
대통령,일명
대통령,일명
대통령,혜경궁
대통령,혜경궁
대통령,김씨
대통령,김씨
대통령,트위터
대통령,트위터
대통령,과정
대통령,과정
대통령,미국
대통령,미국
대통령,공조
대통령,공조
대통령,신청
대통령,신청
대통령,한국
대통령,한국
대통령,보도
대통령,보도
대통령,무슨
대통령,무슨
대통령,고
대통령,고
대통령,노무현
대통령,노무현
대통령,전
대통령,전
대통령,현
대통령,현
대통령,문재인
대통령,문재인
대통령,악질
대통령,악질
대통령,비방
대통령,비방
대통령,상대
대통령,상대
대통령,경선
대통령,경선
대통령,후보
대통령,후보
대통령,대해
대통령,대해
대통령,낙선
대통령,낙선
대통령,목적
대통령,목적
대통령,허위
대통령,허위
대통령,사실
대통령,사실
대통령,유포
대통령,유포
대통령,고발
대통령,고발
대통령,국민
대통령,국민
대통령,해당
대통령,해당
대통령,주가
대통령,주가
대통령,누구
대통령,누구
대통령,법적
대통령,법적
대통령,처벌
대통령,처벌
대통령,상황
대통령,상황
대통령,왜
대통령,왜
대통령,제동
대통령,제동
대통령,도저히
대통령,도저히
대통령,납득
대통령,납득
대통령,청와대
대통령,청와대
대통령,문제
대통령,문제
대통령,혜경궁
대통령,혜경궁
대통령,혜경궁
대통령,김씨
대통령,김씨
대통령,김씨
대통령,사람
대통령,사람
대통령,사람
대통령,남부
대통령,남부
대통령,남부
대통령,수사
대통령,수사
대통령,수사
대통령,지난
대통령,지난
대통령,이후
대통령,이후
대통령,민주당
대통령,민주당
대통령,사실
대통령,사실
대통령,찾기
대통령,찾기
대통령,고발
대통령,고발
대통령,시민
대통령,시민
대통령,달이
대통령,달이
대통령,경기
대통령,경기
대통령,경찰청
대통령,경찰청
대통령,대해
대통령,대해
대통령,구심
대통령,구심
대통령,의지
대통령,의지
대통령,더욱
대통령,더욱
대통령,트위터
대통령,계정
대통령,처벌
대통령,온
대통령,오프
대통령,노무현
대통령,시체
대통령,팔이
대통령,문어
대통령,벙
대통령,문죄인
대통령,말
대통령,모독
대통령,패륜
대통령,막말
대통령,선거
대통령,후보자
대통령,허위
대통령,유포
대통령,비방
대통령,위법
대통령,그녀
대통령,온라인
대통령,게시
대통령,물
대통령,부터
대통령,신문
대통령,광고
대통령,일인
대통령,시위
대통령,투표
대통령,투표
대통령,국민
대통령,국민
대통령,가짜
대통령,가짜
대통령,편지
대통령,편지
대통령,나라
대통령,근간
대통령,국민주권
대통령,행사
대통령,선거
대통령,신성
대통령,권리
대통령,행위
대통령,기만
대통령,사건
대통령,대해
대통령,재
대통령,조사
대통령,해주시
대통령,조작
대통령,공모자
대통령,준엄
대통령,법
대통령,심판
대통령,법치
대통령,국회
대통령,국회
대통령,국회
대통령,국회
대통령,야당
대통령,야당
대통령,야당
대통령,야당
대통령,개헌
대통령,개헌
대통령,개헌
대통령,개헌
대통령,지방선거
대통령,지방선거
대통령,지방선거
대통령,동시
대통령,동시
대통령,동시
대통령,국민
대통령,국민
대통령,지난
대통령,지난
대통령,발목
대통령,발목
대통령,잡기
대통령,잡기
대통령,일관
대통령,일관
대통령,식
대통령,식
대통령,당시
대통령,당시
대통령,후보
대통령,후보
대통령,특검
대통령,특검
대통령,대체
대통령,대체
대통령,너무
대통령,화가
대통령,마음
대통령,청원
대통령,대한민국
대통령,민생
대통령,인질
대통령,입
대통령,간
대통령,법안
대통령,통과
대통령,율
대통령,이건
대통령,국회의장
대통령,법사
대통령,위원장
대통령,무조건
대통령,대다수
대통령,의원
대통령,직무
대통령,유기
대통령,벌써
대통령,탄핵
대통령,원래
대통령,줄곧
대통령,주창
대통령,공약
대통령,대선
대통령,홍준표
대통령,경우
대통령,의지
대통령,며
대통령,문재인
대통령,적도
대통령,정당
대통령,정당
대통령,정당
대통령,정당
대통령,정당
대통령,정당
대통령,정당
대통령,정당
대통령,정당
대통령,정당
대통령,정당
대통령,정당
대통령,정당
대통령,정당
대통령,정당
대통령,정당
대통령,정당
대통령,정당
대통령,정당
대통령,정당
대통령,정당
대통령,정당
대통령,정당
대통령,정당
대통령,헌법
대통령,헌법
대통령,헌법
대통령,헌법
대통령,헌법
대통령,헌법
대통령,헌법
대통령,헌법
대통령,헌법
대통령,헌법
대통령,헌법
대통령,헌법
대통령,헌법
대통령,헌법
대통령,헌법
대통령,헌법
대통령,헌법
대통령,헌법
대통령,헌법
대통령,헌법
대통령,헌법
대통령,통일
대통령,통일
대통령,통일
대통령,통일
대통령,통일
대통령,통일
대통령,통일
대통령,통일
대통령,통일
대통령,통일
대통령,통일
대통령,통일
대통령,통일
대통령,통일
대통령,통일
대통령,통일
대통령,통일
대통령,통일
대통령,통일
대통령,통일
대통령,통일
대통령,목적
대통령,목적
대통령,목적
대통령,목적
대통령,목적
대통령,목적
대통령,목적
대통령,목적
대통령,목적
대통령,목적
대통령,목적
대통령,목적
대통령,목적
대통령,목적
대통령,목적
대통령,목적
대통령,목적
대통령,목적
대통령,목적
대통령,목적
대통령,목적
대통령,조
대통령,조
대통령,조
대통령,조
대통령,조
대통령,조
대통령,조
대통령,조
대통령,조
대통령,조
대통령,조
대통령,조
대통령,조
대통령,조
대통령,조
대통령,조
대통령,조
대통령,조
대통령,기본
대통령,기본
대통령,기본
대통령,기본
대통령,기본
대통령,기본
대통령,기본
대통령,기본
대통령,기본
대통령,기본
대통령,기본
대통령,기본
대통령,기본
대통령,기본
대통령,기본
대통령,기본
대통령,기본
대통령,기본
대통령,평화
대통령,평화
대통령,평화
대통령,평화
대통령,평화
대통령,평화
대통령,평화
대통령,평화
대통령,평화
대통령,평화
대통령,평화
대통령,평화
대통령,평화
대통령,평화
대통령,평화
대통령,평화
대통령,평화
대통령,평화
대통령,활동
대통령,활동
대통령,활동
대통령,활동
대통령,활동
대통령,활동
대통령,활동
대통령,활동
대통령,활동
대통령,활동
대통령,활동
대통령,활동
대통령,활동
대통령,활동
대통령,활동
대통령,활동
대통령,활동
대통령,활동
대통령,질서
대통령,질서
대통령,질서
대통령,질서
대통령,질서
대통령,질서
대통령,질서
대통령,질서
대통령,질서
대통령,질서
대통령,질서
대통령,질서
대통령,질서
대통령,질서
대통령,질서
대통령,자유
대통령,자유
대통령,자유
대통령,자유
대통령,자유
대통령,자유
대통령,자유
대통령,자유
대통령,자유
대통령,자유
대통령,자유
대통령,자유
대통령,자유
대통령,자유
대통령,자유
대통령,국가
대통령,국가
대통령,국가
대통령,국가
대통령,국가
대통령,국가
대통령,국가
대통령,국가
대통령,국가
대통령,국가
대통령,국가
대통령,국가
대통령,국가
대통령,국가
대통령,국가
대통령,한국
대통령,한국
대통령,한국
대통령,한국
대통령,한국
대통령,한국
대통령,한국
대통령,한국
대통령,한국
대통령,한국
대통령,한국
대통령,한국
대통령,헌법재판소
대통령,헌법재판소
대통령,헌법재판소
대통령,헌법재판소
대통령,헌법재판소
대통령,헌법재판소
대통령,헌법재판소
대통령,헌법재판소
대통령,헌법재판소
대통령,헌법재판소
대통령,헌법재판소
대통령,헌법재판소
대통령,해산
대통령,해산
대통령,해산
대통령,해산
대통령,해산
대통령,해산
대통령,해산
대통령,해산
대통령,해산
대통령,해산
대통령,해산
대통령,해산
대통령,국가보안법
대통령,국가보안법
대통령,국가보안법
대통령,국가보안법
대통령,국가보안법
대통령,국가보안법
대통령,국가보안법
대통령,국가보안법
대통령,국가보안법
대통령,법
대통령,법
대통령,법
대통령,법
대통령,법
대통령,법
대통령,법
대통령,법
대통령,법
대통령,안전
대통령,안전
대통령,안전
대통령,안전
대통령,안전
대통령,안전
대통령,안전
대통령,안전
대통령,안전
대통령,국민
대통령,국민
대통령,국민
대통령,국민
대통령,국민
대통령,국민
대통령,국민
대통령,국민
대통령,국민
대통령,정부
대통령,정부
대통령,정부
대통령,정부
대통령,정부
대통령,정부
대통령,정부
대통령,정부
대통령,정부
대통령,심판
대통령,심판
대통령,심판
대통령,심판
대통령,심판
대통령,심판
대통령,심판
대통령,심판
대통령,심판
대통령,권력
대통령,권력
대통령,권력
대통령,권력
대통령,권력
대통령,권력
대통령,권력
대통령,권력
대통령,권력
대통령,대한민국
대통령,대한민국
대통령,대한민국
대통령,대한민국
대통령,대한민국
대통령,대한민국
대통령,자유민주
대통령,자유민주
대통령,자유민주
대통령,자유민주
대통령,자유민주
대통령,자유민주
대통령,정책
대통령,정책
대통령,정책
대통령,정책
대통령,정책
대통령,정책
대통령,고
대통령,고
대통령,고
대통령,고
대통령,고
대통령,고
대통령,규정
대통령,규정
대통령,규정
대통령,규정
대통령,규정
대통령,규정
대통령,항
대통령,항
대통령,항
대통령,항
대통령,항
대통령,항
대통령,의무
대통령,의무
대통령,의무
대통령,의무
대통령,의무
대통령,의무
대통령,북한
대통령,북한
대통령,북한
대통령,북한
대통령,북한
대통령,북한
대통령,접촉
대통령,접촉
대통령,접촉
대통령,접촉
대통령,접촉
대통령,접촉
대통령,입
대통령,입
대통령,입
대통령,입
대통령,입
대통령,입
대통령,각하
대통령,각하
대통령,각하
대통령,각하
대통령,각하
대통령,각하
대통령,로서
대통령,로서
대통령,로서
대통령,로서
대통령,로서
대통령,로서
대통령,민족
대통령,민족
대통령,민족
대통령,민족
대통령,민족
대통령,민족
대통령,대표
대통령,대표
대통령,대표
대통령,대표
대통령,대표
대통령,대표
대통령,홍준표
대통령,홍준표
대통령,홍준표
대통령,홍준표
대통령,홍준표
대통령,홍준표
대통령,무기
대통령,무기
대통령,무기
대통령,무기
대통령,무기
대통령,무기
대통령,위태롭
대통령,위태롭
대통령,위태롭
대통령,위태롭
대통령,위태롭
대통령,위태롭
대통령,반
대통령,반
대통령,반
대통령,반
대통령,반
대통령,반
대통령,함
대통령,함
대통령,함
대통령,함
대통령,함
대통령,함
대통령,전쟁
대통령,전쟁
대통령,전쟁
대통령,전쟁
대통령,전쟁
대통령,전쟁
대통령,일삼
대통령,일삼
대통령,일삼
대통령,일삼
대통령,일삼
대통령,일삼
대통령,민주
대통령,민주
대통령,민주
대통령,민주
대통령,민주
대통령,민주
대통령,위배
대통령,위배
대통령,위배
대통령,위배
대통령,위배
대통령,위배
대통령,지향
대통령,지향
대통령,지향
대통령,입각
대통령,입각
대통령,입각
대통령,수립
대통령,수립
대통령,수립
대통령,조국
대통령,조국
대통령,조국
대통령,진
대통령,진
대통령,진
대통령,나경원
대통령,나경원
대통령,나경원
대통령,나경원
대통령,나경원
대통령,나경원
대통령,의원
대통령,의원
대통령,의원
대통령,의원
대통령,의원
대통령,의원
대통령,비서
대통령,비서
대통령,비서
대통령,비서
대통령,비서
대통령,비서
대통령,허위
대통령,허위
대통령,허위
대통령,허위
대통령,허위
대통령,허위
대통령,사실
대통령,사실
대통령,사실
대통령,사실
대통령,사실
대통령,사실
대통령,한마디
대통령,한마디
대통령,한마디
대통령,한마디
대통령,한마디
대통령,한마디
대통령,처벌
대통령,처벌
대통령,처벌
대통령,처벌
대통령,처벌
대통령,처벌
대통령,중학생
대통령,중학생
대통령,중학생
대통령,입
대통령,입
대통령,입
대통령,담
대통령,담
대통령,담
대통령,막말
대통령,막말
대통령,막말
대통령,두루
대통령,두루
대통령,두루
대통령,뭉술
대통령,뭉술
대통령,뭉술
대통령,국민
대통령,국민
대통령,국민
대통령,말
대통령,말
대통령,말
대통령,정치인
대통령,정치인
대통령,정치인
대통령,윗사람
대통령,윗사람
대통령,윗사람
대통령,노
대통령,노
대통령,노
대통령,유가족
대통령,유가족
대통령,유가족
대통령,문
대통령,문
대통령,문
대통령,사과
대통령,사과
대통령,사과
대통령,공직자
대통령,공직자
대통령,공직자
대통령,로서
대통령,로서
대통령,로서
대통령,절대
대통령,절대
대통령,절대
대통령,짓
대통령,짓
대통령,짓
대통령,명예훼손
대통령,명예훼손
대통령,명예훼손
대통령,유포
대통령,유포
대통령,유포
대통령,모욕죄
대통령,모욕죄
대통령,모욕죄
대통령,반드시
대통령,반드시
대통령,반드시
대통령,강력
대통령,강력
대통령,강력
대통령,해주시
대통령,해주시
대통령,해주시
대통령,미성년
대통령,미성년
대통령,미성년
대통령,정의
대통령,정의
대통령,정의
대통령,국민
대통령,국민
대통령,국민
대통령,국민
대통령,국민
대통령,국민
대통령,국민
대통령,국민
대통령,국민
대통령,대한민국
대통령,대한민국
대통령,모든
대통령,모든
대통령,권력
대통령,권력
대통령,사건
대통령,사건
대통령,언론
대통령,언론
대통령,비난
대통령,비난
대통령,겁
대통령,겁
대통령,주권
대통령,민주당
대통령,법
대통령,앞
대통령,성역
대통령,촞불
대통령,은폐
대통령,증거
대통령,멸
대통령,로남불
대통령,비판
대통령,재갈
대통령,물리
대통령,려
대통령,불순
대통령,행동
대통령,이제
대통령,모두
대통령,현재
대통령,극
대통령,누가
대통령,경찰
대통령,검찰
대통령,청와대
대통령,지금
대통령,뭐
대통령,자기
대통령,직무
대통령,유기
대통령,어서
대통령,드루
대통령,킹
대통령,댓글
대통령,조작
대통령,특검
대통령,바
대통령,살인자
대통령,살인자
대통령,살인자
대통령,살인자
대통령,살인자
대통령,살인자
대통령,살인자
대통령,뉴스
대통령,뉴스
대통령,뉴스
대통령,뉴스
대통령,뉴스
대통령,가짜
대통령,가짜
대통령,가짜
대통령,가짜
대통령,경찰
대통령,경찰
대통령,경찰
대통령,경찰
대통령,정의
대통령,정의
대통령,정의
대통령,정의
대통령,시민
대통령,시민
대통령,시민
대통령,시민
대통령,사건
대통령,사건
대통령,사건
대통령,국민
대통령,국민
대통령,국민
대통령,피해자
대통령,피해자
대통령,피해자
대통령,사람
대통령,사람
대통령,사람
대통령,처벌
대통령,처벌
대통령,발생
대통령,발생
대통령,결과
대통령,결과
대통령,가해자
대통령,가해자
대통령,정황
대통령,정황
대통령,혼란
대통령,혼란
대통령,목격자
대통령,목격자
대통령,잔혹
대통령,잔혹
대통령,죄목
대통령,죄목
대통령,여성
대통령,여성
대통령,말
대통령,말
대통령,행위
대통령,행위
대통령,당시
대통령,당시
대통령,살인
대통령,살인
대통령,거짓
대통령,거짓
대통령,계속
대통령,계속
대통령,사회
대통령,사회
대통령,문제
대통령,문제
대통령,문재인
대통령,엄중
대통령,이제
대통령,첫
대통령,칼
대통령,빼
대통령,차례
대통령,이번
대통령,최근
대통령,강력범죄
대통령,온
대통령,농락
대통령,초래
대통령,상황
대통령,낙인
대통령,스스로
대통령,자신
대통령,증거
대통령,퍼트
대통령,려
대통령,진실
대통령,기업
대통령,기업
대통령,기업
대통령,기업
대통령,주식
대통령,주식
대통령,주식
대통령,주식
대통령,김상조
대통령,김상조
대통령,김상조
대통령,공정
대통령,공정
대통령,공정
대통령,압력
대통령,압력
대통령,압력
대통령,행사
대통령,행사
대통령,행사
대통령,나라
대통령,나라
대통령,나라
대통령,법
대통령,법
대통령,법
대통령,행위
대통령,행위
대통령,갑질
대통령,갑질
대통령,언제
대통령,언제
대통령,도
대통령,도
대통령,거래
대통령,위원장
대통령,하루
대통령,조
대통령,천
대통령,억이
대통령,증발
대통령,파시
대통령,말
대통령,디
대통령,시장
대통령,개미
대통령,투자자
대통령,재산
대통령,손실
대통령,법적
대통령,위원
대통령,권한
대통령,대한항공
대통령,오너
대통령,일가
대통령,다른
대통령,뭔가
대통령,운영
대통령,취지
대통령,절차
대통령,민주
대통령,합법
대통령,묵시
대통령,청탁
대통령,이란
대통령,죄목
대통령,탄핵
대통령,바로
대통령,구속
대통령,감
대통령,본인
대통령,협박
대통령,협박
대통령,권력
대통령,권력
대통령,남용
대통령,남용
대통령,나경원
대통령,비서
대통령,박창훈
대통령,중학생
대통령,사실
대통령,뉴스
대통령,자리
대통령,사람
대통령,나라
대통령,아이
대통령,입
대통령,이건
대통령,엄연히
대통령,전
대통령,노무현
대통령,비난
대통령,인권
대통령,침해
대통령,죄
대통령,처벌
대통령,한당
대통령,싹
대통령,국회의원
대통령,국회의원
대통령,국회의원
대통령,국회의원
대통령,국회의원
대통령,국회의원
대통령,국회의원
대통령,국회의원
대통령,국회의원
대통령,국회의원
대통령,국회의원
대통령,국회의원
대통령,국회의원
대통령,국회의원
대통령,국회의원
대통령,국회의원
대통령,나라
대통령,나라
대통령,나라
대통령,나라
대통령,나라
대통령,나라
대통령,나라
대통령,나라
대통령,나라
대통령,나라
대통령,나라
대통령,나라
대통령,쌍욕
대통령,쌍욕
대통령,쌍욕
대통령,쌍욕
대통령,쌍욕
대통령,쌍욕
대통령,쌍욕
대통령,쌍욕
대통령,막말
대통령,막말
대통령,막말
대통령,막말
대통령,막말
대통령,막말
대통령,막말
대통령,막말
대통령,도저히
대통령,도저히
대통령,도저히
대통령,도저히
대통령,도저히
대통령,도저히
대통령,도저히
대통령,도저히
대통령,수준
대통령,수준
대통령,수준
대통령,수준
대통령,수준
대통령,수준
대통령,수준
대통령,수준
대통령,하의
대통령,하의
대통령,하의
대통령,하의
대통령,하의
대통령,하의
대통령,하의
대통령,하의
대통령,국민
대통령,국민
대통령,국민
대통령,국민
대통령,국민
대통령,국민
대통령,국민
대통령,국민
대통령,말
대통령,말
대통령,말
대통령,말
대통령,말
대통령,말
대통령,말
대통령,말
대통령,남북
대통령,남북
대통령,남북
대통령,남북
대통령,남북
대통령,남북
대통령,남북
대통령,남북
대통령,뿐더러
대통령,뿐더러
대통령,뿐더러
대통령,뿐더러
대통령,뿐더러
대통령,뿐더러
대통령,뿐더러
대통령,뿐더러
대통령,모욕
대통령,모욕
대통령,모욕
대통령,모욕
대통령,모욕
대통령,모욕
대통령,모욕
대통령,모욕
대통령,조원진
대통령,조원진
대통령,조원진
대통령,조원진
대통령,정신
대통령,정신
대통령,정신
대통령,정신
대통령,한나라
대통령,한나라
대통령,한나라
대통령,한나라
대통령,표현
대통령,표현
대통령,표현
대통령,표현
대통령,자유
대통령,자유
대통령,자유
대통령,자유
대통령,비판
대통령,비판
대통령,비판
대통령,비판
대통령,금도
대통령,금도
대통령,금도
대통령,금도
대통령,선
대통령,선
대통령,선
대통령,선
대통령,김정숙
대통령,김정숙
대통령,김정숙
대통령,김정숙
대통령,여사
대통령,여사
대통령,여사
대통령,여사
대통령,너무
대통령,너무
대통령,너무
대통령,너무
대통령,화가
대통령,화가
대통령,화가
대통령,화가
대통령,분노
대통령,분노
대통령,분노
대통령,분노
대통령,치밀
대통령,치밀
대통령,치밀
대통령,치밀
대통령,어
대통령,어
대통령,어
대통령,어
대통령,오른
대통령,오른
대통령,오른
대통령,오른
대통령,피
대통령,피
대통령,피
대통령,피
대통령,세금
대통령,세금
대통령,세금
대통령,세금
대통령,부어
대통령,부어
대통령,부어
대통령,부어
대통령,우리형
대통령,우리형
대통령,우리형
대통령,우리형
대통령,편이
대통령,편이
대통령,편이
대통령,편이
대통령,노릇
대통령,노릇
대통령,노릇
대통령,노릇
대통령,정상
대통령,정상
대통령,정상
대통령,정상
대통령,회담
대통령,회담
대통령,회담
대통령,회담
대통령,핵
대통령,핵
대통령,핵
대통령,핵
대통령,폐기
대통령,폐기
대통령,폐기
대통령,폐기
대통령,한마디
대통령,한마디
대통령,한마디
대통령,한마디
대통령,못
대통령,못
대통령,못
대통령,못
대통령,퍼붓
대통령,퍼붓
대통령,퍼붓
대통령,퍼붓
대통령,햐
대통령,햐
대통령,햐
대통령,햐
대통령,무슨
대통령,무슨
대통령,무슨
대통령,무슨
대통령,근거
대통령,근거
대통령,근거
대통령,근거
대통령,허위
대통령,허위
대통령,허위
대통령,허위
대통령,사실
대통령,사실
대통령,사실
대통령,사실
대통령,공표
대통령,공표
대통령,공표
대통령,공표
대통령,명예
대통령,명예
대통령,명예
대통령,명예
대통령,훼손
대통령,훼손
대통령,훼손
대통령,훼손
대통령,비판
대통령,비판
대통령,비판
대통령,비판
대통령,비판
대통령,비판
대통령,비판
대통령,비판
대통령,정부
대통령,정부
대통령,정부
대통령,정부
대통령,정부
대통령,정부
대통령,댓글
대통령,댓글
대통령,댓글
대통령,댓글
대통령,댓글
대통령,댓글
대통령,집중
대통령,집중
대통령,집중
대통령,집중
대통령,집중
대통령,집중
대통령,사건
대통령,사건
대통령,사건
대통령,사건
대통령,사건
대통령,사건
대통령,부대
대통령,부대
대통령,부대
대통령,부대
대통령,수구
대통령,수구
대통령,수구
대통령,수구
대통령,세력
대통령,세력
대통령,세력
대통령,세력
대통령,문재인
대통령,문재인
대통령,발생
대통령,발생
대통령,조중동
대통령,조중동
대통령,뉴시스
대통령,뉴시스
대통령,연합뉴스
대통령,연합뉴스
대통령,네이버뉴스
대통령,네이버뉴스
대통령,지면
대통령,지면
대통령,악의
대통령,악의
대통령,글
대통령,글
대통령,조직
대통령,조직
대통령,시기
대통령,시기
대통령,옵션
대통령,옵션
대통령,열기
대통령,열기
대통령,노출
대통령,노출
대통령,경찰
대통령,경찰
대통령,검찰
대통령,검찰
대통령,청와대
대통령,청와대
대통령,청원
대통령,청원
국민,국회
국민,언제
국민,봐
국민,이유
국민,납득
국민,가면
국민,도대체
국민,야당
국민,행태
국민,열
국민,여론
국민,청원
국민,민심
국민,국회의원
국민,국회의원
국민,국회의원
국민,국회의원
국민,국회의원
국민,국회의원
국민,김기식
국민,김기식
국민,김기식
국민,김기식
국민,온
국민,온
국민,온
국민,온
국민,전
국민,전
국민,전
국민,전
국민,금융
국민,금융
국민,감독
국민,감독
국민,위원
국민,위원
국민,시절
국민,시절
국민,피감
국민,피감
국민,기관
국민,기관
국민,돈
국민,돈
국민,외
국민,외
국민,유한
국민,유한
국민,사안
국민,사안
국민,관심
국민,관심
국민,비단
국민,비단
국민,김영란
국민,김영란
국민,법
국민,법
국민,시행
국민,시행
국민,모든
국민,모든
국민,현실
국민,현실
국민,해
국민,해
국민,월급
국민,월급
국민,세금
국민,세금
국민,여야
국민,여야
국민,국회의원
국민,국회의원
국민,지급
국민,지급
국민,법
국민,법
국민,무
국민,무
국민,살의
국민,직장인
국민,어제
국민,오늘
국민,회사
국민,뼈
국민,어린이날
국민,어버이날
국민,자식
국민,어머니
국민,선물
국민,공제
국민,개정
국민,너무
국민,화가
국민,노동자
국민,노동
국민,임금
국민,입법
국민,통과
국민,무것
국민,왜
국민,사람
국민,세비
국민,회수
국민,조치
국민,청원
국민,언론
국민,언론
국민,계정
국민,계정
국민,수사
국민,수사
국민,법무부
국민,법무부
국민,대통령
국민,대통령
국민,꼭
국민,꼭
국민,연일
국민,메인
국민,장식
국민,일명
국민,혜경궁
국민,김씨
국민,트위터
국민,과정
국민,미국
국민,공조
국민,신청
국민,한국
국민,보도
국민,무슨
국민,고
국민,노무현
국민,전
국민,현
국민,문재인
국민,악질
국민,비방
국민,상대
국민,경선
국민,후보
국민,대해
국민,낙선
국민,목적
국민,허위
국민,사실
국민,유포
국민,고발
국민,해당
국민,주가
국민,누구
국민,법적
국민,처벌
국민,상황
국민,왜
국민,제동
국민,도저히
국민,납득
국민,청와대
국민,문제
국민,평화
국민,평화
국민,평화
국민,평화
국민,평화
국민,평화
국민,평화
국민,평화
국민,평화
국민,평화
국민,평화
국민,평화
국민,평화
국민,평화
국민,평화
국민,평화
국민,평화
국민,평화
국민,평화
국민,평화
국민,평화
국민,평화
국민,한국
국민,한국
국민,한국
국민,한국
국민,한국
국민,한국
국민,한국
국민,한국
국민,한국
국민,한국
국민,한국
국민,한국
국민,한국
국민,한국
국민,자유
국민,자유
국민,자유
국민,자유
국민,자유
국민,자유
국민,자유
국민,자유
국민,자유
국민,자유
국민,자유
국민,자유
국민,홍준표
국민,홍준표
국민,홍준표
국민,홍준표
국민,홍준표
국민,홍준표
국민,홍준표
국민,홍준표
국민,홍준표
국민,홍준표
국민,선언
국민,선언
국민,선언
국민,선언
국민,선언
국민,선언
국민,선언
국민,선언
국민,선언
국민,선언
국민,반
국민,반
국민,반
국민,반
국민,반
국민,반
국민,반
국민,반
국민,반
국민,반
국민,한반도
국민,한반도
국민,한반도
국민,한반도
국민,한반도
국민,한반도
국민,한반도
국민,한반도
국민,냉전
국민,냉전
국민,냉전
국민,냉전
국민,냉전
국민,냉전
국민,냉전
국민,냉전
국민,시대
국민,시대
국민,시대
국민,시대
국민,시대
국민,시대
국민,시대
국민,시대
국민,수구
국민,수구
국민,수구
국민,수구
국민,수구
국민,수구
국민,수구
국민,수구
국민,사고
국민,사고
국민,사고
국민,사고
국민,사고
국민,사고
국민,사고
국민,사고
국민,지도자
국민,지도자
국민,지도자
국민,지도자
국민,지도자
국민,지도자
국민,대결
국민,대결
국민,대결
국민,대결
국민,대결
국민,대결
국민,민족
국민,민족
국민,민족
국민,민족
국민,민족
국민,민족
국민,판문점
국민,판문점
국민,판문점
국민,판문점
국민,판문점
국민,판문점
국민,통일
국민,통일
국민,통일
국민,통일
국민,통일
국민,통일
국민,해체
국민,해체
국민,해체
국민,해체
국민,정계
국민,정계
국민,정계
국민,정계
국민,퇴
국민,퇴
국민,퇴
국민,퇴
국민,북한
국민,북한
국민,북한
국민,북한
국민,전세계
국민,전세계
국민,전세계
국민,전세계
국민,남북
국민,남북
국민,남북
국민,남북
국민,체제
국민,체제
국민,체제
국민,체제
국민,위장
국민,위장
국민,위장
국민,위장
국민,쇼
국민,쇼
국민,쇼
국민,쇼
국민,세력
국민,세력
국민,세력
국민,세력
국민,로서
국민,로서
국민,로서
국민,로서
국민,정당
국민,정당
국민,정당
국민,정당
국민,대표
국민,대표
국민,청원
국민,청원
국민,판
국민,판
국민,문전
국민,문전
국민,봄
국민,봄
국민,최고
국민,최고
국민,김정은
국민,김정은
국민,위원장
국민,위원장
국민,비핵화
국민,비핵화
국민,원칙
국민,원칙
국민,만방
국민,만방
국민,천명
국민,천명
국민,계리
국민,계리
국민,핵실험
국민,핵실험
국민,폐기
국민,폐기
국민,실증
국민,실증
국민,한미
국민,한미
국민,당국
국민,당국
국민,언론인
국민,언론인
국민,정상
국민,정상
국민,금년
국민,금년
국민,통과
국민,통과
국민,통과
국민,통과
국민,통과
국민,통과
국민,통과
국민,통과
국민,통과
국민,통과
국민,통과
국민,통과
국민,통과
국민,통과
국민,통과
국민,통과
국민,통과
국민,통과
국민,통과
국민,통과
국민,통과
국민,통과
국민,통과
국민,통과
국민,통과
국민,통과
국민,통과
국민,통과
국민,통과
국민,통과
국민,통과
국민,통과
국민,통과
국민,통과
국민,통과
국민,통과
국민,통과
국민,통과
국민,통과
국민,통과
국민,통과
국민,통과
국민,통과
국민,통과
국민,통과
국민,통과
국민,통과
국민,통과
국민,통과
국민,통과
국민,통과
국민,통과
국민,통과
국민,통과
국민,통과
국민,통과
국민,통과
국민,통과
국민,통과
국민,통과
국민,통과
국민,통과
국민,통과
국민,통과
국민,통과
국민,통과
국민,통과
국민,통과
국민,통과
국민,통과
국민,외국인
국민,외국인
국민,외국인
국민,외국인
국민,외국인
국민,외국인
국민,외국인
국민,외국인
국민,외국인
국민,외국인
국민,외국인
국민,외국인
국민,외국인
국민,외국인
국민,외국인
국민,외국인
국민,외국인
국민,외국인
국민,외국인
국민,외국인
국민,외국인
국민,외국인
국민,외국인
국민,외국인
국민,외국인
국민,외국인
국민,외국인
국민,외국인
국민,외국인
국민,외국인
국민,외국인
국민,외국인
국민,외국인
국민,외국인
국민,외국인
국민,외국인
국민,외국인
국민,외국인
국민,외국인
국민,외국인
국민,외국인
국민,외국인
국민,외국인
국민,외국인
국민,외국인
국민,외국인
국민,외국인
국민,외국인
국민,외국인
국민,외국인
국민,외국인
국민,외국인
국민,외국인
국민,외국인
국민,외국인
국민,외국인
국민,외국인
국민,외국인
국민,외국인
국민,외국인
국민,외국인
국민,외국인
국민,외국인
국민,외국인
국민,외국인
국민,외국인
국민,외국인
국민,외국인
국민,외국인
국민,외국인
국민,법
국민,법
국민,법
국민,법
국민,법
국민,법
국민,법
국민,법
국민,법
국민,법
국민,법
국민,법
국민,법
국민,법
국민,법
국민,법
국민,법
국민,법
국민,법
국민,법
국민,법
국민,법
국민,법
국민,법
국민,법
국민,법
국민,법
국민,법
국민,법
국민,법
국민,법
국민,법
국민,법
국민,법
국민,법
국민,법
국민,법
국민,법
국민,법
국민,법
국민,법
국민,법
국민,법
국민,법
국민,법
국민,법
국민,법
국민,법
국민,법
국민,법
국민,법
국민,법
국민,법
국민,법
국민,법
국민,법
국민,법
국민,법
국민,법
국민,법
국민,법
국민,법
국민,법
국민,법
국민,법
국민,법
국민,법
국민,법
국민,법
국민,법
국민,차별금지법
국민,차별금지법
국민,차별금지법
국민,차별금지법
국민,차별금지법
국민,차별금지법
국민,차별금지법
국민,차별금지법
국민,차별금지법
국민,차별금지법
국민,차별금지법
국민,차별금지법
국민,차별금지법
국민,차별금지법
국민,차별금지법
국민,차별금지법
국민,차별금지법
국민,차별금지법
국민,차별금지법
국민,차별금지법
국민,차별금지법
국민,차별금지법
국민,차별금지법
국민,차별금지법
국민,차별금지법
국민,차별금지법
국민,차별금지법
국민,차별금지법
국민,차별금지법
국민,차별금지법
국민,차별금지법
국민,차별금지법
국민,차별금지법
국민,차별금지법
국민,차별금지법
국민,차별금지법
국민,차별금지법
국민,차별금지법
국민,차별금지법
국민,차별금지법
국민,차별금지법
국민,차별금지법
국민,차별금지법
국민,차별금지법
국민,차별금지법
국민,차별금지법
국민,차별금지법
국민,차별금지법
국민,차별금지법
국민,차별금지법
국민,차별금지법
국민,차별금지법
국민,차별금지법
국민,차별금지법
국민,차별금지법
국민,차별금지법
국민,우리나라
국민,우리나라
국민,우리나라
국민,우리나라
국민,우리나라
국민,우리나라
국민,우리나라
국민,우리나라
국민,우리나라
국민,우리나라
국민,우리나라
국민,우리나라
국민,우리나라
국민,우리나라
국민,우리나라
국민,우리나라
국민,우리나라
국민,우리나라
국민,우리나라
국민,우리나라
국민,우리나라
국민,우리나라
국민,우리나라
국민,우리나라
국민,우리나라
국민,우리나라
국민,우리나라
국민,우리나라
국민,우리나라
국민,우리나라
국민,우리나라
국민,우리나라
국민,우리나라
국민,우리나라
국민,우리나라
국민,우리나라
국민,우리나라
국민,우리나라
국민,우리나라
국민,우리나라
국민,우리나라
국민,우리나라
국민,우리나라
국민,우리나라
국민,우리나라
국민,우리나라
국민,우리나라
국민,우리나라
국민,우리나라
국민,우리나라
국민,우리나라
국민,우리나라
국민,우리나라
국민,우리나라
국민,우리나라
국민,우리나라
국민,민족
국민,민족
국민,민족
국민,민족
국민,민족
국민,민족
국민,민족
국민,민족
국민,민족
국민,민족
국민,민족
국민,민족
국민,민족
국민,민족
국민,민족
국민,민족
국민,민족
국민,민족
국민,민족
국민,민족
국민,민족
국민,민족
국민,민족
국민,민족
국민,민족
국민,민족
국민,민족
국민,민족
국민,민족
국민,민족
국민,민족
국민,민족
국민,민족
국민,민족
국민,민족
국민,민족
국민,민족
국민,민족
국민,민족
국민,민족
국민,민족
국민,민족
국민,민족
국민,민족
국민,민족
국민,민족
국민,민족
국민,민족
국민,민족
국민,민족
국민,민족
국민,민족
국민,민족
국민,민족
국민,민족
국민,민족
국민,난민
국민,난민
국민,난민
국민,난민
국민,난민
국민,난민
국민,난민
국민,난민
국민,난민
국민,난민
국민,난민
국민,난민
국민,난민
국민,난민
국민,난민
국민,난민
국민,난민
국민,난민
국민,난민
국민,난민
국민,난민
국민,난민
국민,난민
국민,난민
국민,난민
국민,난민
국민,난민
국민,난민
국민,난민
국민,난민
국민,난민
국민,난민
국민,난민
국민,난민
국민,난민
국민,난민
국민,난민
국민,난민
국민,난민
국민,난민
국민,난민
국민,난민
국민,문제
국민,문제
국민,문제
국민,문제
국민,문제
국민,문제
국민,문제
국민,문제
국민,문제
국민,문제
국민,문제
국민,문제
국민,문제
국민,문제
국민,문제
국민,문제
국민,문제
국민,문제
국민,문제
국민,문제
국민,문제
국민,문제
국민,문제
국민,문제
국민,문제
국민,문제
국민,문제
국민,문제
국민,문제
국민,문제
국민,문제
국민,문제
국민,문제
국민,문제
국민,문제
국민,문제
국민,문제
국민,문제
국민,문제
국민,문제
국민,문제
국민,문제
국민,국무회의
국민,국무회의
국민,국무회의
국민,국무회의
국민,국무회의
국민,국무회의
국민,국무회의
국민,국무회의
국민,국무회의
국민,국무회의
국민,국무회의
국민,국무회의
국민,국무회의
국민,국무회의
국민,국무회의
국민,국무회의
국민,국무회의
국민,국무회의
국민,국무회의
국민,국무회의
국민,국무회의
국민,국무회의
국민,국무회의
국민,국무회의
국민,국무회의
국민,국무회의
국민,국무회의
국민,국무회의
국민,대통령령
국민,대통령령
국민,대통령령
국민,대통령령
국민,대통령령
국민,대통령령
국민,대통령령
국민,대통령령
국민,대통령령
국민,대통령령
국민,대통령령
국민,대통령령
국민,대통령령
국민,대통령령
국민,대통령령
국민,대통령령
국민,대통령령
국민,대통령령
국민,대통령령
국민,대통령령
국민,대통령령
국민,대통령령
국민,대통령령
국민,대통령령
국민,대통령령
국민,대통령령
국민,대통령령
국민,대통령령
국민,공포
국민,공포
국민,공포
국민,공포
국민,공포
국민,공포
국민,공포
국민,공포
국민,공포
국민,공포
국민,공포
국민,공포
국민,공포
국민,공포
국민,공포
국민,공포
국민,공포
국민,공포
국민,공포
국민,공포
국민,공포
국민,공포
국민,공포
국민,공포
국민,공포
국민,공포
국민,공포
국민,공포
국민,집행
국민,집행
국민,집행
국민,집행
국민,집행
국민,집행
국민,집행
국민,집행
국민,집행
국민,집행
국민,집행
국민,집행
국민,집행
국민,집행
국민,집행
국민,집행
국민,집행
국민,집행
국민,집행
국민,집행
국민,집행
국민,집행
국민,집행
국민,집행
국민,집행
국민,집행
국민,집행
국민,집행
국민,정부
국민,정부
국민,정부
국민,정부
국민,정부
국민,정부
국민,정부
국민,정부
국민,정부
국민,정부
국민,정부
국민,정부
국민,정부
국민,정부
국민,정부
국민,정부
국민,정부
국민,정부
국민,정부
국민,정부
국민,정부
국민,정부
국민,정부
국민,정부
국민,정부
국민,정부
국민,정부
국민,정부
국민,포괄
국민,포괄
국민,포괄
국민,포괄
국민,포괄
국민,포괄
국민,포괄
국민,포괄
국민,포괄
국민,포괄
국민,포괄
국민,포괄
국민,포괄
국민,포괄
국민,포괄
국민,포괄
국민,포괄
국민,포괄
국민,포괄
국민,포괄
국민,포괄
국민,포괄
국민,포괄
국민,포괄
국민,포괄
국민,포괄
국민,포괄
국민,포괄
국민,제정
국민,제정
국민,제정
국민,제정
국민,제정
국민,제정
국민,제정
국민,제정
국민,제정
국민,제정
국민,제정
국민,제정
국민,제정
국민,제정
국민,제정
국민,제정
국민,제정
국민,제정
국민,제정
국민,제정
국민,제정
국민,제정
국민,제정
국민,제정
국민,제정
국민,제정
국민,제정
국민,제정
국민,정책
국민,정책
국민,정책
국민,정책
국민,정책
국민,정책
국민,정책
국민,정책
국민,정책
국민,정책
국민,정책
국민,정책
국민,정책
국민,정책
국민,정책
국민,정책
국민,정책
국민,정책
국민,정책
국민,정책
국민,정책
국민,정책
국민,정책
국민,정책
국민,정책
국민,정책
국민,정책
국민,정책
국민,상
국민,상
국민,상
국민,상
국민,상
국민,상
국민,상
국민,상
국민,상
국민,상
국민,상
국민,상
국민,상
국민,상
국민,상
국민,상
국민,상
국민,상
국민,상
국민,상
국민,상
국민,상
국민,상
국민,상
국민,상
국민,상
국민,상
국민,상
국민,나라
국민,나라
국민,나라
국민,나라
국민,나라
국민,나라
국민,나라
국민,나라
국민,나라
국민,나라
국민,나라
국민,나라
국민,나라
국민,나라
국민,나라
국민,나라
국민,나라
국민,나라
국민,나라
국민,나라
국민,나라
국민,나라
국민,나라
국민,나라
국민,나라
국민,나라
국민,나라
국민,나라
국민,이슬람
국민,이슬람
국민,이슬람
국민,이슬람
국민,이슬람
국민,이슬람
국민,이슬람
국민,이슬람
국민,이슬람
국민,이슬람
국민,이슬람
국민,이슬람
국민,이슬람
국민,이슬람
국민,이슬람
국민,이슬람
국민,이슬람
국민,이슬람
국민,이슬람
국민,이슬람
국민,이슬람
국민,이슬람
국민,이슬람
국민,이슬람
국민,이슬람
국민,이슬람
국민,이슬람
국민,이슬람
국민,차별
국민,차별
국민,차별
국민,차별
국민,차별
국민,차별
국민,차별
국민,차별
국민,차별
국민,차별
국민,차별
국민,차별
국민,차별
국민,차별
국민,차별
국민,차별
국민,차별
국민,차별
국민,차별
국민,차별
국민,차별
국민,차별
국민,차별
국민,차별
국민,차별
국민,차별
국민,차별
국민,차별
국민,때문
국민,때문
국민,때문
국민,때문
국민,때문
국민,때문
국민,때문
국민,때문
국민,때문
국민,때문
국민,때문
국민,때문
국민,때문
국민,때문
국민,때문
국민,때문
국민,때문
국민,때문
국민,때문
국민,때문
국민,때문
국민,때문
국민,때문
국민,때문
국민,때문
국민,때문
국민,때문
국민,때문
국민,복지
국민,복지
국민,복지
국민,복지
국민,복지
국민,복지
국민,복지
국민,복지
국민,복지
국민,복지
국민,복지
국민,복지
국민,복지
국민,복지
국민,복지
국민,복지
국민,복지
국민,복지
국민,복지
국민,복지
국민,복지
국민,복지
국민,복지
국민,복지
국민,복지
국민,복지
국민,복지
국민,복지
국민,반
국민,반
국민,반
국민,반
국민,반
국민,반
국민,반
국민,반
국민,반
국민,반
국민,반
국민,반
국민,반
국민,반
국민,반
국민,반
국민,반
국민,반
국민,반
국민,반
국민,반
국민,반
국민,반
국민,반
국민,반
국민,반
국민,반
국민,반
국민,지금
국민,지금
국민,지금
국민,지금
국민,지금
국민,지금
국민,지금
국민,지금
국민,지금
국민,지금
국민,지금
국민,지금
국민,지금
국민,지금
국민,지금
국민,지금
국민,지금
국민,지금
국민,지금
국민,지금
국민,지금
국민,지금
국민,지금
국민,지금
국민,지금
국민,지금
국민,지금
국민,지금
국민,의료
국민,의료
국민,의료
국민,의료
국민,의료
국민,의료
국민,의료
국민,의료
국민,의료
국민,의료
국민,의료
국민,의료
국민,의료
국민,의료
국민,의료
국민,의료
국민,의료
국민,의료
국민,의료
국민,의료
국민,의료
국민,의료
국민,의료
국민,의료
국민,의료
국민,의료
국민,의료
국민,의료
국민,날
국민,날
국민,날
국민,날
국민,날
국민,날
국민,날
국민,날
국민,날
국민,날
국민,날
국민,날
국민,날
국민,날
국민,날
국민,날
국민,날
국민,날
국민,날
국민,날
국민,날
국민,날
국민,날
국민,날
국민,날
국민,날
국민,날
국민,날
국민,망국
국민,망국
국민,망국
국민,망국
국민,망국
국민,망국
국민,망국
국민,망국
국민,망국
국민,망국
국민,망국
국민,망국
국민,망국
국민,망국
국민,망국
국민,망국
국민,망국
국민,망국
국민,망국
국민,망국
국민,망국
국민,망국
국민,망국
국민,망국
국민,망국
국민,망국
국민,망국
국민,망국
국민,상정
국민,상정
국민,상정
국민,상정
국민,상정
국민,상정
국민,상정
국민,상정
국민,상정
국민,상정
국민,상정
국민,상정
국민,상정
국민,상정
국민,법무부
국민,법무부
국민,법무부
국민,법무부
국민,법무부
국민,법무부
국민,법무부
국민,법무부
국민,법무부
국민,법무부
국민,법무부
국민,법무부
국민,법무부
국민,법무부
국민,국가인권위
국민,국가인권위
국민,국가인권위
국민,국가인권위
국민,국가인권위
국민,국가인권위
국민,국가인권위
국민,국가인권위
국민,국가인권위
국민,국가인권위
국민,국가인권위
국민,국가인권위
국민,국가인권위
국민,국가인권위
국민,회의
국민,회의
국민,회의
국민,회의
국민,회의
국민,회의
국민,회의
국민,회의
국민,회의
국민,회의
국민,회의
국민,회의
국민,회의
국민,회의
국민,권고
국민,권고
국민,권고
국민,권고
국민,권고
국민,권고
국민,권고
국민,권고
국민,권고
국민,권고
국민,권고
국민,권고
국민,권고
국민,권고
국민,국가
국민,국가
국민,국가
국민,국가
국민,국가
국민,국가
국민,국가
국민,국가
국민,국가
국민,국가
국민,국가
국민,국가
국민,국가
국민,국가
국민,인권
국민,인권
국민,인권
국민,인권
국민,인권
국민,인권
국민,인권
국민,인권
국민,인권
국민,인권
국민,인권
국민,인권
국민,인권
국민,인권
국민,기본
국민,기본
국민,기본
국민,기본
국민,기본
국민,기본
국민,기본
국민,기본
국민,기본
국민,기본
국민,기본
국민,기본
국민,기본
국민,기본
국민,계획
국민,계획
국민,계획
국민,계획
국민,계획
국민,계획
국민,계획
국민,계획
국민,계획
국민,계획
국민,계획
국민,계획
국민,계획
국민,계획
국민,정해
국민,정해
국민,정해
국민,정해
국민,정해
국민,정해
국민,정해
국민,정해
국민,정해
국민,정해
국민,정해
국민,정해
국민,정해
국민,정해
국민,법령
국민,법령
국민,법령
국민,법령
국민,법령
국민,법령
국민,법령
국민,법령
국민,법령
국민,법령
국민,법령
국민,법령
국민,법령
국민,법령
국민,재앙
국민,재앙
국민,재앙
국민,재앙
국민,재앙
국민,재앙
국민,재앙
국민,재앙
국민,재앙
국민,재앙
국민,재앙
국민,재앙
국민,재앙
국민,재앙
국민,목숨
국민,목숨
국민,목숨
국민,목숨
국민,목숨
국민,목숨
국민,목숨
국민,목숨
국민,목숨
국민,목숨
국민,목숨
국민,목숨
국민,목숨
국민,목숨
국민,반드시
국민,반드시
국민,반드시
국민,반드시
국민,반드시
국민,반드시
국민,반드시
국민,반드시
국민,반드시
국민,반드시
국민,반드시
국민,반드시
국민,반드시
국민,반드시
국민,이법
국민,이법
국민,이법
국민,이법
국민,이법
국민,이법
국민,이법
국민,이법
국민,이법
국민,이법
국민,이법
국민,이법
국민,이법
국민,이법
국민,이민자
국민,이민자
국민,이민자
국민,이민자
국민,이민자
국민,이민자
국민,이민자
국민,이민자
국민,이민자
국민,이민자
국민,이민자
국민,이민자
국민,이민자
국민,이민자
국민,전통
국민,전통
국민,전통
국민,전통
국민,전통
국민,전통
국민,전통
국민,전통
국민,전통
국민,전통
국민,전통
국민,전통
국민,전통
국민,전통
국민,훼손
국민,훼손
국민,훼손
국민,훼손
국민,훼손
국민,훼손
국민,훼손
국민,훼손
국민,훼손
국민,훼손
국민,훼손
국민,훼손
국민,훼손
국민,훼손
국민,다문화
국민,다문화
국민,다문화
국민,다문화
국민,다문화
국민,다문화
국민,다문화
국민,다문화
국민,다문화
국민,다문화
국민,다문화
국민,다문화
국민,다문화
국민,다문화
국민,종교
국민,종교
국민,종교
국민,종교
국민,종교
국민,종교
국민,종교
국민,종교
국민,종교
국민,종교
국민,종교
국민,종교
국민,종교
국민,종교
국민,동성애
국민,동성애
국민,동성애
국민,동성애
국민,동성애
국민,동성애
국민,동성애
국민,동성애
국민,동성애
국민,동성애
국민,동성애
국민,동성애
국민,동성애
국민,동성애
국민,견제
국민,견제
국민,견제
국민,견제
국민,견제
국민,견제
국민,견제
국민,견제
국민,견제
국민,견제
국민,견제
국민,견제
국민,견제
국민,견제
국민,국회의원
국민,국회의원
국민,국회의원
국민,국회의원
국민,국회의원
국민,국회의원
국민,국회의원
국민,국회의원
국민,국회의원
국민,국회의원
국민,국회의원
국민,국회의원
국민,국회의원
국민,국회의원
국민,국회의원
국민,국회의원
국민,국회의원
국민,국회의원
국민,국회의원
국민,국회의원
국민,국회의원
국민,국회의원
국민,국회의원
국민,국회의원
국민,국회의원
국민,정당
국민,정당
국민,정당
국민,정당
국민,정당
국민,정당
국민,정당
국민,정당
국민,정당
국민,정당
국민,정당
국민,정당
국민,정당
국민,정당
국민,정당
국민,정당
국민,정당
국민,정당
국민,정당
국민,정당
국민,자유
국민,자유
국민,자유
국민,자유
국민,자유
국민,자유
국민,자유
국민,자유
국민,자유
국민,자유
국민,하의
국민,하의
국민,하의
국민,하의
국민,하의
국민,하의
국민,하의
국민,하의
국민,하의
국민,하의
국민,해산
국민,해산
국민,해산
국민,해산
국민,해산
국민,해산
국민,해산
국민,해산
국민,해산
국민,해산
국민,행복
국민,행복
국민,행복
국민,행복
국민,행복
국민,행복
국민,행복
국민,행복
국민,행복
국민,행복
국민,추구
국민,추구
국민,추구
국민,추구
국민,추구
국민,추구
국민,추구
국민,추구
국민,추구
국민,추구
국민,권리
국민,권리
국민,권리
국민,권리
국민,권리
국민,권리
국민,권리
국민,권리
국민,권리
국민,권리
국민,표현
국민,표현
국민,표현
국민,표현
국민,표현
국민,집회
국민,집회
국민,집회
국민,집회
국민,집회
국민,사상
국민,사상
국민,사상
국민,사상
국민,사상
국민,민주주의
국민,민주주의
국민,민주주의
국민,민주주의
국민,민주주의
국민,국가
국민,국가
국민,국가
국민,국가
국민,국가
국민,국익
국민,국익
국민,국익
국민,국익
국민,국익
국민,반한
국민,반한
국민,반한
국민,반한
국민,반한
국민,터
국민,터
국민,터
국민,터
국민,터
국민,무니
국민,무니
국민,무니
국민,무니
국민,무니
국민,주장
국민,주장
국민,주장
국민,주장
국민,주장
국민,대표
국민,대표
국민,대표
국민,대표
국민,대표
국민,막말
국민,막말
국민,막말
국민,막말
국민,막말
국민,헛소리
국민,헛소리
국민,헛소리
국민,헛소리
국민,헛소리
국민,품격
국민,품격
국민,품격
국민,품격
국민,품격
국민,행위
국민,행위
국민,행위
국민,행위
국민,행위
국민,책무
국민,책무
국민,책무
국민,책무
국민,책무
국민,한국
국민,한국
국민,한국
국민,한국
국민,한국
국민,국민소환제
국민,국민소환제
국민,국민소환제
국민,국민소환제
국민,국민소환제
국민,국민투표제
국민,국민투표제
국민,국민투표제
국민,국민투표제
국민,국민투표제
국민,줄
국민,줄
국민,줄
국민,줄
국민,줄
국민,청원
국민,청원
국민,청원
국민,청원
국민,청원
국민,청구취지
국민,청구취지
국민,청구취지
국민,청구취지
국민,청구취지
국민,원인
국민,원인
국민,원인
국민,원인
국민,원인
국민,헌법
국민,헌법
국민,헌법
국민,헌법
국민,헌법
국민,대한민국
국민,대한민국
국민,대한민국
국민,대한민국
국민,대한민국
국민,보장
국민,보장
국민,보장
국민,보장
국민,보장
국민,고통
국민,고통
국민,고통
국민,고통
국민,고통
국민,행사
국민,행사
국민,행사
국민,행사
국민,행사
국민,방해
국민,방해
국민,방해
국민,방해
국민,방해
국민,청와대
국민,청와대
국민,청와대
국민,청와대
국민,청와대
국민,행복추구권
국민,행복추구권
국민,행복추구권
국민,행복추구권
국민,행복추구권
국민,삼권분립
국민,삼권분립
국민,삼권분립
국민,삼권분립
국민,삼권분립
국민,산이
국민,산이
국민,산이
국민,산이
국민,산이
국민,무리
국민,무리
국민,무리
국민,무리
국민,무리
국민,보편
국민,보편
국민,보편
국민,보편
국민,보편
국민,상식
국민,상식
국민,상식
국민,상식
국민,상식
국민,수준
국민,수준
국민,수준
국민,수준
국민,수준
국민,제재
국민,제재
국민,제재
국민,제재
국민,제재
국민,제도
국민,제도
국민,제도
국민,제도
국민,제도
국민,사실
국민,사실
국민,사실
국민,사실
국민,사실
국민,사실
국민,사실
국민,사실
국민,사실
국민,사실
국민,사실
국민,사실
국민,사실
국민,사실
국민,사실
국민,사실
국민,사실
국민,사실
국민,사실
국민,사실
국민,사실
국민,사실
국민,사실
국민,사실
국민,명예훼손
국민,명예훼손
국민,명예훼손
국민,명예훼손
국민,명예훼손
국민,명예훼손
국민,명예훼손
국민,명예훼손
국민,명예훼손
국민,명예훼손
국민,명예훼손
국민,명예훼손
국민,명예훼손
국민,명예훼손
국민,명예훼손
국민,명예훼손
국민,폐지
국민,폐지
국민,폐지
국민,폐지
국민,폐지
국민,폐지
국민,폐지
국민,폐지
국민,폐지
국민,폐지
국민,청원
국민,청원
국민,청원
국민,청원
국민,청원
국민,청원
국민,청원
국민,청원
국민,검증
국민,검증
국민,검증
국민,검증
국민,검증
국민,검증
국민,검증
국민,검증
국민,형법
국민,형법
국민,형법
국민,형법
국민,형법
국민,형법
국민,형법
국민,형법
국민,법
국민,법
국민,법
국민,법
국민,법
국민,법
국민,법
국민,법
국민,조
국민,조
국민,조
국민,조
국민,조
국민,조
국민,조
국민,조
국민,권한
국민,권한
국민,권한
국민,권한
국민,권한
국민,권한
국민,권한
국민,권한
국민,행사
국민,행사
국민,행사
국민,행사
국민,행사
국민,행사
국민,행사
국민,행사
국민,명예훼손죄
국민,명예훼손죄
국민,명예훼손죄
국민,명예훼손죄
국민,명예훼손죄
국민,명예훼손죄
국민,명예훼손죄
국민,명예훼손죄
국민,정치인
국민,정치인
국민,정치인
국민,정치인
국민,정치인
국민,정치인
국민,고위
국민,고위
국민,고위
국민,고위
국민,고위
국민,고위
국민,공직자
국민,공직자
국민,공직자
국민,공직자
국민,공직자
국민,공직자
국민,상의
국민,상의
국민,상의
국민,상의
국민,상의
국민,상의
국민,규정
국민,규정
국민,규정
국민,규정
국민,규정
국민,규정
국민,예외
국민,예외
국민,예외
국민,예외
국민,예외
국민,예외
국민,항
국민,항
국민,항
국민,항
국민,항
국민,항
국민,주권
국민,주권
국민,주권
국민,주권
국민,주권
국민,주권
국민,사례
국민,사례
국민,사례
국민,사례
국민,사례
국민,사례
국민,공선법
국민,공선법
국민,공선법
국민,공선법
국민,조항
국민,조항
국민,조항
국민,조항
국민,관련
국민,관련
국민,관련
국민,관련
국민,전반
국민,전반
국민,전반
국민,전반
국민,자의
국민,자의
국민,자의
국민,자의
국민,위임
국민,위임
국민,위임
국민,위임
국민,막대
국민,막대
국민,막대
국민,막대
국민,정당
국민,정당
국민,정당
국민,정당
국민,참정권
국민,참정권
국민,참정권
국민,참정권
국민,침해
국민,침해
국민,침해
국민,침해
국민,일부
국민,일부
국민,일부
국민,일부
국민,공공
국민,공공
국민,공공
국민,공공
국민,결코
국민,결코
국민,결코
국민,결코
국민,가혹
국민,가혹
국민,가혹
국민,가혹
국민,행위
국민,행위
국민,행위
국민,행위
국민,처벌
국민,처벌
국민,처벌
국민,처벌
국민,이유
국민,이유
국민,이유
국민,이유
국민,유엔
국민,유엔
국민,유엔
국민,유엔
국민,위원회
국민,위원회
국민,위원회
국민,위원회
국민,거의
국민,거의
국민,거의
국민,거의
국민,요지
국민,요지
국민,후보
국민,후보
국민,정보
국민,정보
국민,통신법
국민,통신법
국민,불법
국민,불법
국민,선거운동
국민,선거운동
국민,신설
국민,신설
국민,아예
국민,아예
국민,자체
국민,자체
국민,투표
국민,투표
국민,투표
국민,투표
국민,가짜
국민,가짜
국민,가짜
국민,가짜
국민,편지
국민,편지
국민,편지
국민,편지
국민,나라
국민,나라
국민,근간
국민,근간
국민,국민주권
국민,국민주권
국민,행사
국민,행사
국민,대통령
국민,대통령
국민,선거
국민,선거
국민,신성
국민,신성
국민,권리
국민,권리
국민,행위
국민,행위
국민,기만
국민,기만
국민,사건
국민,사건
국민,대해
국민,대해
국민,재
국민,재
국민,조사
국민,조사
국민,해주시
국민,해주시
국민,조작
국민,조작
국민,공모자
국민,공모자
국민,준엄
국민,준엄
국민,법
국민,법
국민,심판
국민,심판
국민,법치
국민,법치
국민,국회
국민,국회
국민,국회
국민,국회
국민,국회
국민,국회
국민,국회
국민,국회
국민,야당
국민,야당
국민,야당
국민,야당
국민,야당
국민,야당
국민,야당
국민,야당
국민,개헌
국민,개헌
국민,개헌
국민,개헌
국민,개헌
국민,개헌
국민,개헌
국민,개헌
국민,지방선거
국민,지방선거
국민,지방선거
국민,지방선거
국민,지방선거
국민,지방선거
국민,동시
국민,동시
국민,동시
국민,동시
국민,동시
국민,동시
국민,지난
국민,지난
국민,지난
국민,지난
국민,발목
국민,발목
국민,발목
국민,발목
국민,잡기
국민,잡기
국민,잡기
국민,잡기
국민,일관
국민,일관
국민,일관
국민,일관
국민,식
국민,식
국민,식
국민,식
국민,당시
국민,당시
국민,당시
국민,당시
국민,후보
국민,후보
국민,후보
국민,후보
국민,특검
국민,특검
국민,특검
국민,특검
국민,대체
국민,대체
국민,대체
국민,대체
국민,너무
국민,너무
국민,화가
국민,화가
국민,마음
국민,마음
국민,청원
국민,청원
국민,대한민국
국민,대한민국
국민,민생
국민,민생
국민,인질
국민,인질
국민,입
국민,입
국민,간
국민,간
국민,법안
국민,법안
국민,통과
국민,통과
국민,율
국민,율
국민,이건
국민,이건
국민,국회의장
국민,국회의장
국민,법사
국민,법사
국민,위원장
국민,위원장
국민,무조건
국민,무조건
국민,대다수
국민,대다수
국민,의원
국민,의원
국민,직무
국민,직무
국민,유기
국민,유기
국민,대통령
국민,대통령
국민,벌써
국민,벌써
국민,탄핵
국민,탄핵
국민,원래
국민,원래
국민,줄곧
국민,줄곧
국민,주창
국민,주창
국민,공약
국민,공약
국민,대선
국민,대선
국민,홍준표
국민,홍준표
국민,경우
국민,경우
국민,의지
국민,의지
국민,며
국민,며
국민,문재인
국민,문재인
국민,적도
국민,적도
국민,정당
국민,정당
국민,정당
국민,정당
국민,정당
국민,정당
국민,정당
국민,정당
국민,정당
국민,정당
국민,정당
국민,정당
국민,정당
국민,정당
국민,정당
국민,정당
국민,정당
국민,정당
국민,정당
국민,정당
국민,정당
국민,정당
국민,정당
국민,정당
국민,헌법
국민,헌법
국민,헌법
국민,헌법
국민,헌법
국민,헌법
국민,헌법
국민,헌법
국민,헌법
국민,헌법
국민,헌법
국민,헌법
국민,헌법
국민,헌법
국민,헌법
국민,헌법
국민,헌법
국민,헌법
국민,헌법
국민,헌법
국민,헌법
국민,통일
국민,통일
국민,통일
국민,통일
국민,통일
국민,통일
국민,통일
국민,통일
국민,통일
국민,통일
국민,통일
국민,통일
국민,통일
국민,통일
국민,통일
국민,통일
국민,통일
국민,통일
국민,통일
국민,통일
국민,통일
국민,목적
국민,목적
국민,목적
국민,목적
국민,목적
국민,목적
국민,목적
국민,목적
국민,목적
국민,목적
국민,목적
국민,목적
국민,목적
국민,목적
국민,목적
국민,목적
국민,목적
국민,목적
국민,목적
국민,목적
국민,목적
국민,조
국민,조
국민,조
국민,조
국민,조
국민,조
국민,조
국민,조
국민,조
국민,조
국민,조
국민,조
국민,조
국민,조
국민,조
국민,조
국민,조
국민,조
국민,기본
국민,기본
국민,기본
국민,기본
국민,기본
국민,기본
국민,기본
국민,기본
국민,기본
국민,기본
국민,기본
국민,기본
국민,기본
국민,기본
국민,기본
국민,기본
국민,기본
국민,기본
국민,평화
국민,평화
국민,평화
국민,평화
국민,평화
국민,평화
국민,평화
국민,평화
국민,평화
국민,평화
국민,평화
국민,평화
국민,평화
국민,평화
국민,평화
국민,평화
국민,평화
국민,평화
국민,활동
국민,활동
국민,활동
국민,활동
국민,활동
국민,활동
국민,활동
국민,활동
국민,활동
국민,활동
국민,활동
국민,활동
국민,활동
국민,활동
국민,활동
국민,활동
국민,활동
국민,활동
국민,질서
국민,질서
국민,질서
국민,질서
국민,질서
국민,질서
국민,질서
국민,질서
국민,질서
국민,질서
국민,질서
국민,질서
국민,질서
국민,질서
국민,질서
국민,자유
국민,자유
국민,자유
국민,자유
국민,자유
국민,자유
국민,자유
국민,자유
국민,자유
국민,자유
국민,자유
국민,자유
국민,자유
국민,자유
국민,자유
국민,국가
국민,국가
국민,국가
국민,국가
국민,국가
국민,국가
국민,국가
국민,국가
국민,국가
국민,국가
국민,국가
국민,국가
국민,국가
국민,국가
국민,국가
국민,한국
국민,한국
국민,한국
국민,한국
국민,한국
국민,한국
국민,한국
국민,한국
국민,한국
국민,한국
국민,한국
국민,한국
국민,헌법재판소
국민,헌법재판소
국민,헌법재판소
국민,헌법재판소
국민,헌법재판소
국민,헌법재판소
국민,헌법재판소
국민,헌법재판소
국민,헌법재판소
국민,헌법재판소
국민,헌법재판소
국민,헌법재판소
국민,해산
국민,해산
국민,해산
국민,해산
국민,해산
국민,해산
국민,해산
국민,해산
국민,해산
국민,해산
국민,해산
국민,해산
국민,대통령
국민,대통령
국민,대통령
국민,대통령
국민,대통령
국민,대통령
국민,대통령
국민,대통령
국민,대통령
국민,국가보안법
국민,국가보안법
국민,국가보안법
국민,국가보안법
국민,국가보안법
국민,국가보안법
국민,국가보안법
국민,국가보안법
국민,국가보안법
국민,법
국민,법
국민,법
국민,법
국민,법
국민,법
국민,법
국민,법
국민,법
국민,안전
국민,안전
국민,안전
국민,안전
국민,안전
국민,안전
국민,안전
국민,안전
국민,안전
국민,정부
국민,정부
국민,정부
국민,정부
국민,정부
국민,정부
국민,정부
국민,정부
국민,정부
국민,심판
국민,심판
국민,심판
국민,심판
국민,심판
국민,심판
국민,심판
국민,심판
국민,심판
국민,권력
국민,권력
국민,권력
국민,권력
국민,권력
국민,권력
국민,권력
국민,권력
국민,권력
국민,대한민국
국민,대한민국
국민,대한민국
국민,대한민국
국민,대한민국
국민,대한민국
국민,자유민주
국민,자유민주
국민,자유민주
국민,자유민주
국민,자유민주
국민,자유민주
국민,정책
국민,정책
국민,정책
국민,정책
국민,정책
국민,정책
국민,고
국민,고
국민,고
국민,고
국민,고
국민,고
국민,규정
국민,규정
국민,규정
국민,규정
국민,규정
국민,규정
국민,항
국민,항
국민,항
국민,항
국민,항
국민,항
국민,의무
국민,의무
국민,의무
국민,의무
국민,의무
국민,의무
국민,북한
국민,북한
국민,북한
국민,북한
국민,북한
국민,북한
국민,접촉
국민,접촉
국민,접촉
국민,접촉
국민,접촉
국민,접촉
국민,입
국민,입
국민,입
국민,입
국민,입
국민,입
국민,각하
국민,각하
국민,각하
국민,각하
국민,각하
국민,각하
국민,로서
국민,로서
국민,로서
국민,로서
국민,로서
국민,로서
국민,민족
국민,민족
국민,민족
국민,민족
국민,민족
국민,민족
국민,대표
국민,대표
국민,대표
국민,대표
국민,대표
국민,대표
국민,홍준표
국민,홍준표
국민,홍준표
국민,홍준표
국민,홍준표
국민,홍준표
국민,무기
국민,무기
국민,무기
국민,무기
국민,무기
국민,무기
국민,위태롭
국민,위태롭
국민,위태롭
국민,위태롭
국민,위태롭
국민,위태롭
국민,반
국민,반
국민,반
국민,반
국민,반
국민,반
국민,함
국민,함
국민,함
국민,함
국민,함
국민,함
국민,전쟁
국민,전쟁
국민,전쟁
국민,전쟁
국민,전쟁
국민,전쟁
국민,일삼
국민,일삼
국민,일삼
국민,일삼
국민,일삼
국민,일삼
국민,민주
국민,민주
국민,민주
국민,민주
국민,민주
국민,민주
국민,위배
국민,위배
국민,위배
국민,위배
국민,위배
국민,위배
국민,지향
국민,지향
국민,지향
국민,입각
국민,입각
국민,입각
국민,수립
국민,수립
국민,수립
국민,조국
국민,조국
국민,조국
국민,진
국민,진
국민,진
국민,조치
국민,조치
국민,조치
국민,조치
국민,조치
국민,조치
국민,조치
국민,조치
국민,조치
국민,조치
국민,조치
국민,조치
국민,조치
국민,조치
국민,조치
국민,조치
국민,조치
국민,조치
국민,조치
국민,조치
국민,조치
국민,조치
국민,조치
국민,조치
국민,조치
국민,조치
국민,조치
국민,조치
국민,조치
국민,조치
국민,조치
국민,조치
국민,조치
국민,조치
국민,조치
국민,조치
국민,조치
국민,조치
국민,조치
국민,조치
국민,조치
국민,조치
국민,음란물
국민,음란물
국민,음란물
국민,음란물
국민,음란물
국민,음란물
국민,음란물
국민,음란물
국민,음란물
국민,음란물
국민,음란물
국민,음란물
국민,음란물
국민,음란물
국민,음란물
국민,음란물
국민,음란물
국민,음란물
국민,음란물
국민,음란물
국민,음란물
국민,음란물
국민,음란물
국민,음란물
국민,음란물
국민,음란물
국민,음란물
국민,음란물
국민,음란물
국민,음란물
국민,음란물
국민,음란물
국민,음란물
국민,음란물
국민,음란물
국민,음란물
국민,도박
국민,도박
국민,도박
국민,도박
국민,도박
국민,도박
국민,도박
국민,도박
국민,도박
국민,도박
국민,도박
국민,도박
국민,도박
국민,도박
국민,도박
국민,도박
국민,도박
국민,도박
국민,도박
국민,도박
국민,도박
국민,도박
국민,도박
국민,도박
국민,도박
국민,도박
국민,도박
국민,도박
국민,도박
국민,도박
국민,도박
국민,도박
국민,도박
국민,도박
국민,도박
국민,도박
국민,검열
국민,검열
국민,검열
국민,검열
국민,검열
국민,검열
국민,검열
국민,검열
국민,검열
국민,검열
국민,검열
국민,검열
국민,검열
국민,검열
국민,검열
국민,검열
국민,검열
국민,검열
국민,검열
국민,검열
국민,검열
국민,검열
국민,검열
국민,검열
국민,검열
국민,검열
국민,검열
국민,검열
국민,검열
국민,검열
국민,시간
국민,시간
국민,시간
국민,시간
국민,시간
국민,시간
국민,시간
국민,시간
국민,시간
국민,시간
국민,시간
국민,시간
국민,시간
국민,시간
국민,시간
국민,시간
국민,시간
국민,시간
국민,시간
국민,시간
국민,시간
국민,시간
국민,시간
국민,시간
국민,시간
국민,시간
국민,시간
국민,시간
국민,시간
국민,시간
국민,감시
국민,감시
국민,감시
국민,감시
국민,감시
국민,감시
국민,감시
국민,감시
국민,감시
국민,감시
국민,감시
국민,감시
국민,감시
국민,감시
국민,감시
국민,감시
국민,감시
국민,감시
국민,감시
국민,감시
국민,감시
국민,감시
국민,감시
국민,감시
국민,감시
국민,감시
국민,감시
국민,감시
국민,감시
국민,감시
국민,정부
국민,정부
국민,정부
국민,정부
국민,정부
국민,정부
국민,정부
국민,정부
국민,정부
국민,정부
국민,정부
국민,정부
국민,정부
국민,정부
국민,정부
국민,정부
국민,정부
국민,정부
국민,정부
국민,정부
국민,정부
국민,정부
국민,정부
국민,정부
국민,정부
국민,정부
국민,정부
국민,정부
국민,정부
국민,정부
국민,이번
국민,이번
국민,이번
국민,이번
국민,이번
국민,이번
국민,이번
국민,이번
국민,이번
국민,이번
국민,이번
국민,이번
국민,이번
국민,이번
국민,이번
국민,이번
국민,이번
국민,이번
국민,이번
국민,이번
국민,이번
국민,이번
국민,이번
국민,이번
국민,물
국민,물
국민,물
국민,물
국민,물
국민,물
국민,물
국민,물
국민,물
국민,물
국민,물
국민,물
국민,물
국민,물
국민,물
국민,물
국민,물
국민,물
국민,물
국민,물
국민,물
국민,물
국민,물
국민,물
국민,점
국민,점
국민,점
국민,점
국민,점
국민,점
국민,점
국민,점
국민,점
국민,점
국민,점
국민,점
국민,점
국민,점
국민,점
국민,점
국민,점
국민,점
국민,점
국민,점
국민,점
국민,점
국민,점
국민,점
국민,글
국민,글
국민,글
국민,글
국민,글
국민,글
국민,글
국민,글
국민,글
국민,글
국민,글
국민,글
국민,글
국민,글
국민,글
국민,글
국민,글
국민,글
국민,글
국민,글
국민,글
국민,글
국민,글
국민,글
국민,국가
국민,국가
국민,국가
국민,국가
국민,국가
국민,국가
국민,국가
국민,국가
국민,국가
국민,국가
국민,국가
국민,국가
국민,국가
국민,국가
국민,국가
국민,국가
국민,국가
국민,국가
국민,사람
국민,사람
국민,사람
국민,사람
국민,사람
국민,사람
국민,사람
국민,사람
국민,사람
국민,사람
국민,사람
국민,사람
국민,사람
국민,사람
국민,사람
국민,사람
국민,사람
국민,사람
국민,인터넷
국민,인터넷
국민,인터넷
국민,인터넷
국민,인터넷
국민,인터넷
국민,인터넷
국민,인터넷
국민,인터넷
국민,인터넷
국민,인터넷
국민,인터넷
국민,인터넷
국민,인터넷
국민,인터넷
국민,인터넷
국민,인터넷
국민,인터넷
국민,콘텐츠
국민,콘텐츠
국민,콘텐츠
국민,콘텐츠
국민,콘텐츠
국민,콘텐츠
국민,콘텐츠
국민,콘텐츠
국민,콘텐츠
국민,콘텐츠
국민,콘텐츠
국민,콘텐츠
국민,콘텐츠
국민,콘텐츠
국민,콘텐츠
국민,콘텐츠
국민,콘텐츠
국민,콘텐츠
국민,사실
국민,사실
국민,사실
국민,사실
국민,사실
국민,사실
국민,사실
국민,사실
국민,사실
국민,사실
국민,사실
국민,사실
국민,사실
국민,사실
국민,사실
국민,사실
국민,사실
국민,사실
국민,사이트
국민,사이트
국민,사이트
국민,사이트
국민,사이트
국민,사이트
국민,사이트
국민,사이트
국민,사이트
국민,사이트
국민,사이트
국민,사이트
국민,접속
국민,접속
국민,접속
국민,접속
국민,접속
국민,접속
국민,접속
국민,접속
국민,접속
국민,접속
국민,접속
국민,접속
국민,손
국민,손
국민,손
국민,손
국민,손
국민,손
국민,손
국민,손
국민,손
국민,손
국민,손
국민,손
국민,의문
국민,의문
국민,의문
국민,의문
국민,의문
국민,의문
국민,의문
국민,의문
국민,의문
국민,의문
국민,의문
국민,의문
국민,장치
국민,장치
국민,장치
국민,장치
국민,장치
국민,장치
국민,장치
국민,장치
국민,장치
국민,장치
국민,장치
국민,장치
국민,통제
국민,통제
국민,통제
국민,통제
국민,통제
국민,통제
국민,통제
국민,통제
국민,통제
국민,통제
국민,통제
국민,통제
국민,의지
국민,의지
국민,의지
국민,의지
국민,의지
국민,의지
국민,의지
국민,의지
국민,의지
국민,의지
국민,의지
국민,의지
국민,정권
국민,정권
국민,정권
국민,정권
국민,정권
국민,정권
국민,정권
국민,정권
국민,정권
국민,정권
국민,정권
국민,정권
국민,불만
국민,불만
국민,불만
국민,불만
국민,불만
국민,불만
국민,불만
국민,불만
국민,불만
국민,불만
국민,불만
국민,불만
국민,고위
국민,고위
국민,고위
국민,고위
국민,고위
국민,고위
국민,고위
국민,고위
국민,고위
국민,고위
국민,고위
국민,고위
국민,부로
국민,부로
국민,부로
국민,부로
국민,부로
국민,부로
국민,차단
국민,차단
국민,차단
국민,차단
국민,차단
국민,차단
국민,우선
국민,우선
국민,우선
국민,우선
국민,우선
국민,우선
국민,물의
국민,물의
국민,물의
국민,물의
국민,물의
국민,물의
국민,도입
국민,도입
국민,도입
국민,도입
국민,도입
국민,도입
국민,장비
국민,장비
국민,장비
국민,장비
국민,장비
국민,장비
국민,권한
국민,권한
국민,권한
국민,권한
국민,권한
국민,권한
국민,법적
국민,법적
국민,법적
국민,법적
국민,법적
국민,법적
국민,넣기
국민,넣기
국민,넣기
국민,넣기
국민,넣기
국민,넣기
국민,때문
국민,때문
국민,때문
국민,때문
국민,때문
국민,때문
국민,물론
국민,물론
국민,물론
국민,물론
국민,물론
국민,물론
국민,과잉
국민,과잉
국민,과잉
국민,과잉
국민,과잉
국민,과잉
국민,임
국민,임
국민,임
국민,임
국민,임
국민,임
국민,해외
국민,해외
국민,해외
국민,해외
국민,해외
국민,해외
국민,정작
국민,정작
국민,정작
국민,정작
국민,정작
국민,정작
국민,제작자
국민,제작자
국민,제작자
국민,제작자
국민,제작자
국민,제작자
국민,규제
국민,규제
국민,규제
국민,규제
국민,규제
국민,규제
국민,책
국민,책
국민,책
국민,책
국민,책
국민,책
국민,사용
국민,사용
국민,사용
국민,사용
국민,사용
국민,사용
국민,보안
국민,보안
국민,보안
국민,보안
국민,보안
국민,보안
국민,수단
국민,수단
국민,수단
국민,수단
국민,수단
국민,수단
국민,운용
국민,운용
국민,운용
국민,운용
국민,운용
국민,운용
국민,권력자
국민,권력자
국민,권력자
국민,권력자
국민,권력자
국민,권력자
국민,수신료
국민,수신료
국민,수신료
국민,수신료
국민,수신료
국민,수신료
국민,수신료
국민,수신료
국민,수신료
국민,수신료
국민,수신료
국민,수신료
국민,수신료
국민,수신료
국민,수신료
국민,사람
국민,사람
국민,사람
국민,사람
국민,사람
국민,사람
국민,사람
국민,사람
국민,사람
국민,부과
국민,부과
국민,부과
국민,부과
국민,부과
국민,부과
국민,안보
국민,안보
국민,안보
국민,안보
국민,안보
국민,안보
국민,사건
국민,사건
국민,사건
국민,사건
국민,사건
국민,사건
국민,우리나라
국민,우리나라
국민,우리나라
국민,티비
국민,티비
국민,티비
국민,집
국민,집
국민,집
국민,모두
국민,모두
국민,모두
국민,심지어
국민,심지어
국민,심지어
국민,전력
국민,전력
국민,전력
국민,사
국민,사
국민,사
국민,용량
국민,용량
국민,용량
국민,일정
국민,일정
국민,일정
국민,수준
국민,수준
국민,수준
국민,경우
국민,경우
국민,경우
국민,간주
국민,간주
국민,간주
국민,에서
국민,에서
국민,에서
국민,요즘
국민,요즘
국민,요즘
국민,더욱
국민,더욱
국민,더욱
국민,식
국민,식
국민,식
국민,일괄
국민,일괄
국민,일괄
국민,의문
국민,의문
국민,의문
국민,지난
국민,지난
국민,지난
국민,세월
국민,세월
국민,세월
국민,동안
국민,동안
국민,동안
국민,언론
국민,언론
국민,언론
국민,책무
국민,책무
국민,책무
국민,눈
국민,눈
국민,눈
국민,이번
국민,이번
국민,이번
국민,박에스더
국민,박에스더
국민,박에스더
국민,직원
국민,직원
국민,직원
국민,괴리
국민,괴리
국민,괴리
국민,여실
국민,여실
국민,여실
국민,보
국민,보
국민,보
국민,여준
국민,여준
국민,여준
국민,여자
국민,여자
국민,여자
국민,아침
국민,아침
국민,아침
국민,뉴스
국민,뉴스
국민,뉴스
국민,전
국민,전
국민,전
국민,방송
국민,방송
국민,방송
국민,진행자
국민,진행자
국민,진행자
국민,성희롱
국민,성희롱
국민,성희롱
국민,농담
국민,농담
국민,농담
국민,퉁
국민,퉁
국민,퉁
국민,모든
국민,모든
국민,모든
국민,가정
국민,가정
국민,가정
국민,몹시
국민,몹시
국민,몹시
국민,불합리
국민,불합리
국민,불합리
국민,국회
국민,국회
국민,국회
국민,국회
국민,국회
국민,국회
국민,국회
국민,국회
국민,국회
국민,국회
국민,국회
국민,국회
국민,국회
국민,국회
국민,국회
국민,반대
국민,반대
국민,반대
국민,반대
국민,반대
국민,반대
국민,반대
국민,반대
국민,반대
국민,반대
국민,반대
국민,반대
국민,반대
국민,반대
국민,반대
국민,원칙
국민,원칙
국민,원칙
국민,원칙
국민,원칙
국민,원칙
국민,원칙
국민,원칙
국민,원칙
국민,원칙
국민,정상화
국민,정상화
국민,정상화
국민,정상화
국민,정상화
국민,정상화
국민,정상화
국민,정상화
국민,정상화
국민,정상화
국민,국회의원
국민,국회의원
국민,국회의원
국민,국회의원
국민,국회의원
국민,국회의원
국민,국회의원
국민,국회의원
국민,국회의원
국민,국회의원
국민,입법
국민,입법
국민,입법
국민,입법
국민,입법
국민,입법
국민,입법
국민,입법
국민,입법
국민,입법
국민,해
국민,해
국민,해
국민,해
국민,해
국민,해
국민,해
국민,해
국민,해
국민,해
국민,제발
국민,제발
국민,제발
국민,제발
국민,제발
국민,제발
국민,제발
국민,제발
국민,제발
국민,제발
국민,동무
국민,동무
국민,동무
국민,동무
국민,동무
국민,임금
국민,임금
국민,임금
국민,임금
국민,임금
국민,불
국민,불
국민,불
국민,불
국민,불
국민,관용
국민,관용
국민,관용
국민,관용
국민,관용
국민,정작
국민,정작
국민,정작
국민,정작
국민,정작
국민,입법부
국민,입법부
국민,입법부
국민,입법부
국민,입법부
국민,자신
국민,자신
국민,자신
국민,자신
국민,자신
국민,태만
국민,태만
국민,태만
국민,태만
국민,태만
국민,등원
국민,등원
국민,등원
국민,등원
국민,등원
국민,볼모
국민,볼모
국민,볼모
국민,볼모
국민,볼모
국민,몽니
국민,몽니
국민,몽니
국민,몽니
국민,몽니
국민,부리
국민,부리
국민,부리
국민,부리
국민,부리
국민,현실
국민,현실
국민,현실
국민,현실
국민,현실
국민,선진
국민,선진
국민,선진
국민,선진
국민,선진
국민,화법
국민,화법
국민,화법
국민,화법
국민,화법
국민,악용
국민,악용
국민,악용
국민,악용
국민,악용
국민,세비
국민,세비
국민,세비
국민,세비
국민,세비
국민,법
국민,법
국민,법
국민,법
국민,법
국민,전락
국민,전락
국민,전락
국민,전락
국민,전락
국민,대의
국민,대의
국민,대의
국민,대의
국민,대의
국민,민주주의
국민,민주주의
국민,민주주의
국민,민주주의
국민,민주주의
국민,꽃
국민,꽃
국민,꽃
국민,꽃
국민,꽃
국민,언제
국민,언제
국민,언제
국민,언제
국민,언제
국민,뜻
국민,뜻
국민,뜻
국민,뜻
국민,뜻
국민,전하라
국민,전하라
국민,전하라
국민,전하라
국민,전하라
국민,민
국민,민
국민,민
국민,민
국민,민
국민,하라
국민,하라
국민,하라
국민,하라
국민,하라
국민,명령
국민,명령
국민,명령
국민,명령
국민,명령
국민,건만
국민,건만
국민,건만
국민,건만
국민,건만
국민,오직
국민,오직
국민,오직
국민,오직
국민,오직
국민,일삼
국민,일삼
국민,일삼
국민,일삼
국민,일삼
국민,자유
국민,자유
국민,자유
국민,자유
국민,자유
국민,한국
국민,한국
국민,한국
국민,한국
국민,한국
국민,행태
국민,행태
국민,행태
국민,행태
국민,행태
국민,사람
국민,사람
국민,사람
국민,사람
국민,사람
국민,유권자
국민,유권자
국민,유권자
국민,유권자
국민,유권자
국민,로서
국민,로서
국민,로서
국민,로서
국민,로서
국민,세금
국민,세금
국민,세금
국민,세금
국민,세금
국민,낭비
국민,낭비
국민,낭비
국민,낭비
국민,낭비
국민,수가
국민,수가
국민,수가
국민,수가
국민,수가
국민,해당
국민,해당
국민,해당
국민,해당
국민,해당
국민,대통령
국민,대통령
국민,대통령
국민,나경원
국민,나경원
국민,의원
국민,의원
국민,비서
국민,비서
국민,허위
국민,허위
국민,사실
국민,사실
국민,한마디
국민,한마디
국민,처벌
국민,처벌
국민,중학생
국민,입
국민,담
국민,막말
국민,두루
국민,뭉술
국민,말
국민,정치인
국민,윗사람
국민,노
국민,유가족
국민,문
국민,사과
국민,공직자
국민,로서
국민,절대
국민,짓
국민,명예훼손
국민,유포
국민,모욕죄
국민,반드시
국민,강력
국민,해주시
국민,미성년
국민,정의
국민,대한민국
국민,대한민국
국민,대한민국
국민,대한민국
국민,대한민국
국민,대한민국
국민,대한민국
국민,대한민국
국민,대한민국
국민,대한민국
국민,대한민국
국민,대한민국
국민,대한민국
국민,대한민국
국민,대한민국
국민,대한민국
국민,대한민국
국민,대한민국
국민,모든
국민,모든
국민,모든
국민,모든
국민,모든
국민,모든
국민,모든
국민,모든
국민,모든
국민,모든
국민,모든
국민,모든
국민,모든
국민,모든
국민,모든
국민,모든
국민,모든
국민,모든
국민,권력
국민,권력
국민,권력
국민,권력
국민,권력
국민,권력
국민,권력
국민,권력
국민,권력
국민,권력
국민,권력
국민,권력
국민,권력
국민,권력
국민,권력
국민,권력
국민,권력
국민,권력
국민,사건
국민,사건
국민,사건
국민,사건
국민,사건
국민,사건
국민,사건
국민,사건
국민,사건
국민,사건
국민,사건
국민,사건
국민,사건
국민,사건
국민,사건
국민,사건
국민,사건
국민,사건
국민,언론
국민,언론
국민,언론
국민,언론
국민,언론
국민,언론
국민,언론
국민,언론
국민,언론
국민,언론
국민,언론
국민,언론
국민,언론
국민,언론
국민,언론
국민,언론
국민,언론
국민,언론
국민,비난
국민,비난
국민,비난
국민,비난
국민,비난
국민,비난
국민,비난
국민,비난
국민,비난
국민,비난
국민,비난
국민,비난
국민,비난
국민,비난
국민,비난
국민,비난
국민,비난
국민,비난
국민,겁
국민,겁
국민,겁
국민,겁
국민,겁
국민,겁
국민,겁
국민,겁
국민,겁
국민,겁
국민,겁
국민,겁
국민,겁
국민,겁
국민,겁
국민,겁
국민,겁
국민,겁
국민,주권
국민,주권
국민,주권
국민,주권
국민,주권
국민,주권
국민,주권
국민,주권
국민,주권
국민,대통령
국민,대통령
국민,대통령
국민,대통령
국민,대통령
국민,대통령
국민,대통령
국민,대통령
국민,대통령
국민,민주당
국민,민주당
국민,민주당
국민,민주당
국민,민주당
국민,민주당
국민,민주당
국민,민주당
국민,민주당
국민,법
국민,법
국민,법
국민,법
국민,법
국민,법
국민,법
국민,법
국민,법
국민,앞
국민,앞
국민,앞
국민,앞
국민,앞
국민,앞
국민,앞
국민,앞
국민,앞
국민,성역
국민,성역
국민,성역
국민,성역
국민,성역
국민,성역
국민,성역
국민,성역
국민,성역
국민,촞불
국민,촞불
국민,촞불
국민,촞불
국민,촞불
국민,촞불
국민,촞불
국민,촞불
국민,촞불
국민,은폐
국민,은폐
국민,은폐
국민,은폐
국민,은폐
국민,은폐
국민,은폐
국민,은폐
국민,은폐
국민,증거
국민,증거
국민,증거
국민,증거
국민,증거
국민,증거
국민,증거
국민,증거
국민,증거
국민,멸
국민,멸
국민,멸
국민,멸
국민,멸
국민,멸
국민,멸
국민,멸
국민,멸
국민,로남불
국민,로남불
국민,로남불
국민,로남불
국민,로남불
국민,로남불
국민,로남불
국민,로남불
국민,로남불
국민,비판
국민,비판
국민,비판
국민,비판
국민,비판
국민,비판
국민,비판
국민,비판
국민,비판
국민,재갈
국민,재갈
국민,재갈
국민,재갈
국민,재갈
국민,재갈
국민,재갈
국민,재갈
국민,재갈
국민,물리
국민,물리
국민,물리
국민,물리
국민,물리
국민,물리
국민,물리
국민,물리
국민,물리
국민,려
국민,려
국민,려
국민,려
국민,려
국민,려
국민,려
국민,려
국민,려
국민,불순
국민,불순
국민,불순
국민,불순
국민,불순
국민,불순
국민,불순
국민,불순
국민,불순
국민,행동
국민,행동
국민,행동
국민,행동
국민,행동
국민,행동
국민,행동
국민,행동
국민,행동
국민,이제
국민,이제
국민,이제
국민,이제
국민,이제
국민,이제
국민,이제
국민,이제
국민,이제
국민,모두
국민,모두
국민,모두
국민,모두
국민,모두
국민,모두
국민,모두
국민,모두
국민,모두
국민,현재
국민,현재
국민,현재
국민,현재
국민,현재
국민,현재
국민,현재
국민,현재
국민,현재
국민,극
국민,극
국민,극
국민,극
국민,극
국민,극
국민,극
국민,극
국민,극
국민,누가
국민,누가
국민,누가
국민,누가
국민,누가
국민,누가
국민,누가
국민,누가
국민,누가
국민,경찰
국민,경찰
국민,경찰
국민,경찰
국민,경찰
국민,경찰
국민,경찰
국민,경찰
국민,경찰
국민,검찰
국민,검찰
국민,검찰
국민,검찰
국민,검찰
국민,검찰
국민,검찰
국민,검찰
국민,검찰
국민,청와대
국민,청와대
국민,청와대
국민,청와대
국민,청와대
국민,청와대
국민,청와대
국민,청와대
국민,청와대
국민,지금
국민,지금
국민,지금
국민,지금
국민,지금
국민,지금
국민,지금
국민,지금
국민,지금
국민,뭐
국민,뭐
국민,뭐
국민,뭐
국민,뭐
국민,뭐
국민,뭐
국민,뭐
국민,뭐
국민,자기
국민,자기
국민,자기
국민,자기
국민,자기
국민,자기
국민,자기
국민,자기
국민,자기
국민,직무
국민,직무
국민,직무
국민,직무
국민,직무
국민,직무
국민,직무
국민,직무
국민,직무
국민,유기
국민,유기
국민,유기
국민,유기
국민,유기
국민,유기
국민,유기
국민,유기
국민,유기
국민,어서
국민,어서
국민,어서
국민,어서
국민,어서
국민,어서
국민,어서
국민,어서
국민,어서
국민,드루
국민,드루
국민,드루
국민,드루
국민,드루
국민,드루
국민,드루
국민,드루
국민,드루
국민,킹
국민,킹
국민,킹
국민,킹
국민,킹
국민,킹
국민,킹
국민,킹
국민,킹
국민,댓글
국민,댓글
국민,댓글
국민,댓글
국민,댓글
국민,댓글
국민,댓글
국민,댓글
국민,댓글
국민,조작
국민,조작
국민,조작
국민,조작
국민,조작
국민,조작
국민,조작
국민,조작
국민,조작
국민,특검
국민,특검
국민,특검
국민,특검
국민,특검
국민,특검
국민,특검
국민,특검
국민,특검
국민,바
국민,바
국민,바
국민,바
국민,바
국민,바
국민,바
국민,바
국민,바
국민,살인자
국민,살인자
국민,살인자
국민,살인자
국민,살인자
국민,살인자
국민,살인자
국민,살인자
국민,살인자
국민,살인자
국민,살인자
국민,살인자
국민,살인자
국민,살인자
국민,살인자
국민,살인자
국민,살인자
국민,살인자
국민,살인자
국민,살인자
국민,살인자
국민,뉴스
국민,뉴스
국민,뉴스
국민,뉴스
국민,뉴스
국민,뉴스
국민,뉴스
국민,뉴스
국민,뉴스
국민,뉴스
국민,뉴스
국민,뉴스
국민,뉴스
국민,뉴스
국민,뉴스
국민,가짜
국민,가짜
국민,가짜
국민,가짜
국민,가짜
국민,가짜
국민,가짜
국민,가짜
국민,가짜
국민,가짜
국민,가짜
국민,가짜
국민,경찰
국민,경찰
국민,경찰
국민,경찰
국민,경찰
국민,경찰
국민,경찰
국민,경찰
국민,경찰
국민,경찰
국민,경찰
국민,경찰
국민,정의
국민,정의
국민,정의
국민,정의
국민,정의
국민,정의
국민,정의
국민,정의
국민,정의
국민,정의
국민,정의
국민,정의
국민,시민
국민,시민
국민,시민
국민,시민
국민,시민
국민,시민
국민,시민
국민,시민
국민,시민
국민,시민
국민,시민
국민,시민
국민,사건
국민,사건
국민,사건
국민,사건
국민,사건
국민,사건
국민,사건
국민,사건
국민,사건
국민,피해자
국민,피해자
국민,피해자
국민,피해자
국민,피해자
국민,피해자
국민,피해자
국민,피해자
국민,피해자
국민,사람
국민,사람
국민,사람
국민,사람
국민,사람
국민,사람
국민,사람
국민,사람
국민,사람
국민,처벌
국민,처벌
국민,처벌
국민,처벌
국민,처벌
국민,처벌
국민,발생
국민,발생
국민,발생
국민,발생
국민,발생
국민,발생
국민,결과
국민,결과
국민,결과
국민,결과
국민,결과
국민,결과
국민,가해자
국민,가해자
국민,가해자
국민,가해자
국민,가해자
국민,가해자
국민,정황
국민,정황
국민,정황
국민,정황
국민,정황
국민,정황
국민,혼란
국민,혼란
국민,혼란
국민,혼란
국민,혼란
국민,혼란
국민,목격자
국민,목격자
국민,목격자
국민,목격자
국민,목격자
국민,목격자
국민,잔혹
국민,잔혹
국민,잔혹
국민,잔혹
국민,잔혹
국민,잔혹
국민,죄목
국민,죄목
국민,죄목
국민,죄목
국민,죄목
국민,죄목
국민,여성
국민,여성
국민,여성
국민,여성
국민,여성
국민,여성
국민,말
국민,말
국민,말
국민,말
국민,말
국민,말
국민,행위
국민,행위
국민,행위
국민,행위
국민,행위
국민,행위
국민,당시
국민,당시
국민,당시
국민,당시
국민,당시
국민,당시
국민,살인
국민,살인
국민,살인
국민,살인
국민,살인
국민,살인
국민,거짓
국민,거짓
국민,거짓
국민,거짓
국민,거짓
국민,거짓
국민,계속
국민,계속
국민,계속
국민,계속
국민,계속
국민,계속
국민,사회
국민,사회
국민,사회
국민,사회
국민,사회
국민,사회
국민,문제
국민,문제
국민,문제
국민,문제
국민,문제
국민,문제
국민,문재인
국민,문재인
국민,문재인
국민,대통령
국민,대통령
국민,대통령
국민,엄중
국민,엄중
국민,엄중
국민,이제
국민,이제
국민,이제
국민,첫
국민,첫
국민,첫
국민,칼
국민,칼
국민,칼
국민,빼
국민,빼
국민,빼
국민,차례
국민,차례
국민,차례
국민,이번
국민,이번
국민,이번
국민,최근
국민,최근
국민,최근
국민,강력범죄
국민,강력범죄
국민,강력범죄
국민,온
국민,온
국민,온
국민,농락
국민,농락
국민,농락
국민,초래
국민,초래
국민,초래
국민,상황
국민,상황
국민,상황
국민,낙인
국민,낙인
국민,낙인
국민,스스로
국민,스스로
국민,스스로
국민,자신
국민,자신
국민,자신
국민,증거
국민,증거
국민,증거
국민,퍼트
국민,퍼트
국민,퍼트
국민,려
국민,려
국민,려
국민,진실
국민,진실
국민,진실
국민,총선
국민,총선
국민,총선
국민,총선
국민,국회
국민,국회
국민,국회
국민,협상
국민,협상
국민,예정
국민,예정
국민,영국
국민,영국
국민,앞
국민,앞
국민,계속
국민,마비
국민,상태
국민,정상화
국민,여야
국민,결렬
국민,법안
국민,통과
국민,조건
국민,정당
국민,요구
국민,무능
국민,끝
국민,올해
국민,오늘
국민,홍익표
국민,민주당
국민,의원님
국민,조기
국민,고
국민,메이
국민,총리
국민,유럽연합
국민,브렉
국민,시트
국민,재
국민,신임
국민,자신
국민,리더십
국민,확고
국민,저희
국민,치루
국민,민주당
국민,민주당
국민,민주당
국민,민주당
국민,민주당
국민,민주당
국민,민주당
국민,민주당
국민,양산시
국민,양산시
국민,양산시
국민,양산시
국민,양산시
국민,양산시
국민,공천
국민,공천
국민,공천
국민,공천
국민,공천
국민,공천
국민,양산
국민,양산
국민,양산
국민,양산
국민,양산
국민,양산
국민,박사모
국민,박사모
국민,박사모
국민,박사모
국민,박사모
국민,박사모
국민,사람
국민,사람
국민,사람
국민,사람
국민,사람
국민,사람
국민,시민
국민,시민
국민,시민
국민,시민
국민,시민
국민,시민
국민,재심
국민,재심
국민,재심
국민,재심
국민,재심
국민,재심
국민,결과
국민,결과
국민,결과
국민,결과
국민,결과
국민,결과
국민,촛불
국민,촛불
국민,촛불
국민,촛불
국민,공
국민,공
국민,공
국민,공
국민,심위
국민,심위
국민,심위
국민,심위
국민,상황
국민,상황
국민,상황
국민,상황
국민,확정
국민,확정
국민,김일권
국민,김일권
국민,심의
국민,심의
국민,위원회
국민,위원회
국민,뭐
국민,뭐
국민,거르
국민,거르
국민,미리
국민,미리
국민,초기
국민,초기
국민,정체
국민,정체
국민,인물
국민,인물
국민,준
국민,준
국민,후보
국민,후보
국민,거르지
국민,거르지
국민,못
국민,못
국민,당원
국민,당원
국민,도와
국민,도와
국민,청구
국민,청구
국민,전혀
국민,전혀
국민,인지
국민,인지
국민,대한민국
국민,대한민국
국민,역사
국민,역사
국민,뒤
국민,뒤
국민,경남
국민,경남
국민,도당
국민,도당
국민,자유게시판
국민,자유게시판
국민,게시
국민,게시
국민,첨부
국민,첨부
국민,여성
국민,여성
국민,여성
국민,여성
국민,여성
국민,여성
국민,여성
국민,여성
국민,여성
국민,여성
국민,여성
국민,여성
국민,여성
국민,여성
국민,여성
국민,여성
국민,여성
국민,여성
국민,수사
국민,수사
국민,수사
국민,수사
국민,수사
국민,수사
국민,수사
국민,수사
국민,수사
국민,수사
국민,수사
국민,수사
국민,수사
국민,수사
국민,수사
국민,수사
국민,수사
국민,수사
국민,혜화역
국민,혜화역
국민,혜화역
국민,혜화역
국민,혜화역
국민,혜화역
국민,혜화역
국민,혜화역
국민,혜화역
국민,혜화역
국민,혜화역
국민,혜화역
국민,혜화역
국민,혜화역
국민,혜화역
국민,편파
국민,편파
국민,편파
국민,편파
국민,편파
국민,편파
국민,편파
국민,편파
국민,편파
국민,편파
국민,편파
국민,편파
국민,편파
국민,편파
국민,편파
국민,사람
국민,사람
국민,사람
국민,사람
국민,사람
국민,사람
국민,사람
국민,사람
국민,사람
국민,사람
국민,사람
국민,사람
국민,경찰청장
국민,경찰청장
국민,경찰청장
국민,경찰청장
국민,경찰청장
국민,경찰청장
국민,경찰청장
국민,경찰청장
국민,경찰청장
국민,경찰청장
국민,경찰청장
국민,경찰청장
국민,페미니즘
국민,페미니즘
국민,페미니즘
국민,페미니즘
국민,페미니즘
국민,페미니즘
국민,페미니즘
국민,페미니즘
국민,페미니즘
국민,페미니즘
국민,페미니즘
국민,페미니즘
국민,집회
국민,집회
국민,집회
국민,집회
국민,집회
국민,집회
국민,집회
국민,집회
국민,집회
국민,참가자
국민,참가자
국민,참가자
국민,참가자
국민,참가자
국민,참가자
국민,참가자
국민,참가자
국민,참가자
국민,시위
국민,시위
국민,시위
국민,시위
국민,시위
국민,시위
국민,남성
국민,남성
국민,남성
국민,남성
국민,남성
국민,남성
국민,누드
국민,누드
국민,누드
국민,누드
국민,누드
국민,누드
국민,나체
국민,나체
국민,나체
국민,나체
국민,나체
국민,나체
국민,논리
국민,논리
국민,논리
국민,논리
국민,논리
국민,논리
국민,남녀
국민,남녀
국민,남녀
국민,남녀
국민,남녀
국민,남녀
국민,민갑룡
국민,민갑룡
국민,민갑룡
국민,민갑룡
국민,민갑룡
국민,민갑룡
국민,옹호
국민,옹호
국민,옹호
국민,옹호
국민,옹호
국민,옹호
국민,대상
국민,대상
국민,대상
국민,대상
국민,대상
국민,대상
국민,범죄
국민,범죄
국민,범죄
국민,범죄
국민,범죄
국민,범죄
국민,반대
국민,반대
국민,반대
국민,반대
국민,반대
국민,반대
국민,대한민국
국민,대한민국
국민,대한민국
국민,이자
국민,이자
국민,이자
국민,학생
국민,학생
국민,학생
국민,앞서서
국민,앞서서
국민,앞서서
국민,현
국민,현
국민,현
국민,겅찰청장
국민,겅찰청장
국민,겅찰청장
국민,과연
국민,과연
국민,과연
국민,진짜
국민,진짜
국민,진짜
국민,경찰
국민,경찰
국민,경찰
국민,의문
국민,의문
국민,의문
국민,점
국민,점
국민,점
국민,전
국민,전
국민,전
국민,일부
국민,일부
국민,일부
국민,사실
국민,사실
국민,사실
국민,불공정
국민,불공정
국민,불공정
국민,한쪽
국민,한쪽
국민,한쪽
국민,친
국민,친
국민,친
국민,상태
국민,상태
국민,상태
국민,분
국민,분
국민,분
국민,구속
국민,구속
국민,구속
국민,개념
국민,개념
국민,개념
국민,죄
국민,죄
국민,죄
국민,노소
국민,노소
국민,노소
국민,불문
국민,불문
국민,불문
국민,죗값
국민,죗값
국민,죗값
국민,치루는
국민,치루는
국민,치루는
국민,사랍
국민,사랍
국민,사랍
국민,어이
국민,어이
국민,어이
국민,이번
국민,이번
국민,이번
국민,판사
국민,판사
국민,판사
국민,판사
국민,판사
국민,판사
국민,판사
국민,판사
국민,판사
국민,판사
국민,판사
국민,판사
국민,판사
국민,판사
국민,판사
국민,판사
국민,판사
국민,판사
국민,판사
국민,판사
국민,판사
국민,판사
국민,판사
국민,판사
국민,판사
국민,판사
국민,판사
국민,판사
국민,판사
국민,판사
국민,판사
국민,판사
국민,판사
국민,판사
국민,판사
국민,판사
국민,판사
국민,판사
국민,판사
국민,판사
국민,판사
국민,판사
국민,판사
국민,판사
국민,판사
국민,판사
국민,판사
국민,판사
국민,판사
국민,판사
국민,판사
국민,판사
국민,판사
국민,판사
국민,판사
국민,판사
국민,집행
국민,집행
국민,집행
국민,집행
국민,집행
국민,집행
국민,집행
국민,집행
국민,집행
국민,집행
국민,집행
국민,집행
국민,집행
국민,집행
국민,집행
국민,집행
국민,제도
국민,제도
국민,제도
국민,제도
국민,제도
국민,제도
국민,제도
국민,제도
국민,제도
국민,제도
국민,제도
국민,제도
국민,제도
국민,제도
국민,제도
국민,제도
국민,법원
국민,법원
국민,법원
국민,법원
국민,법원
국민,법원
국민,법원
국민,법원
국민,법원
국민,법원
국민,법원
국민,법원
국민,범죄
국민,범죄
국민,범죄
국민,범죄
국민,범죄
국민,범죄
국민,범죄
국민,범죄
국민,범죄
국민,범죄
국민,범죄
국민,범죄
국민,권력
국민,권력
국민,권력
국민,권력
국민,권력
국민,권력
국민,권력
국민,권력
국민,권력
국민,권력
국민,권력
국민,권력
국민,재량
국민,재량
국민,재량
국민,재량
국민,재량
국민,재량
국민,재량
국민,재량
국민,재량
국민,재량
국민,재량
국민,재량
국민,유예
국민,유예
국민,유예
국민,유예
국민,유예
국민,유예
국민,유예
국민,유예
국민,유예
국민,유예
국민,유예
국민,유예
국민,판결
국민,판결
국민,판결
국민,판결
국민,판결
국민,판결
국민,판결
국민,판결
국민,판결
국민,판결
국민,판결
국민,판결
국민,파면
국민,파면
국민,파면
국민,파면
국민,파면
국민,파면
국민,파면
국민,파면
국민,청원
국민,청원
국민,청원
국민,청원
국민,청원
국민,청원
국민,청원
국민,청원
국민,사법부
국민,사법부
국민,사법부
국민,사법부
국민,사법부
국민,사법부
국민,사법부
국민,사법부
국민,독립
국민,독립
국민,독립
국민,독립
국민,독립
국민,독립
국민,독립
국민,독립
국민,집단
국민,집단
국민,집단
국민,집단
국민,집단
국민,집단
국민,집단
국민,집단
국민,사람
국민,사람
국민,사람
국민,사람
국민,사람
국민,사람
국민,사람
국민,사람
국민,단
국민,단
국민,단
국민,단
국민,단
국민,단
국민,단
국민,단
국민,자행
국민,자행
국민,자행
국민,자행
국민,자행
국민,자행
국민,자행
국민,자행
국민,처벌
국민,처벌
국민,처벌
국민,처벌
국민,처벌
국민,처벌
국민,처벌
국민,처벌
국민,적
국민,적
국민,적
국민,적
국민,적
국민,적
국민,적
국민,적
국민,재벌
국민,재벌
국민,재벌
국민,재벌
국민,재벌
국민,재벌
국민,재벌
국민,재벌
국민,반성
국민,반성
국민,반성
국민,반성
국민,반성
국민,반성
국민,반성
국민,반성
국민,기미
국민,기미
국민,기미
국민,기미
국민,기미
국민,기미
국민,기미
국민,기미
국민,보
국민,보
국민,보
국민,보
국민,보
국민,보
국민,보
국민,보
국민,비호
국민,비호
국민,비호
국민,비호
국민,비호
국민,비호
국민,비호
국민,비호
국민,무슨
국민,무슨
국민,무슨
국민,무슨
국민,무슨
국민,무슨
국민,무슨
국민,무슨
국민,전무
국민,전무
국민,전무
국민,전무
국민,전무
국민,전무
국민,전무
국민,전무
국민,단체
국민,단체
국민,단체
국민,단체
국민,단체
국민,단체
국민,단체
국민,단체
국민,정부
국민,정부
국민,정부
국민,정부
국민,정부
국민,정부
국민,정부
국민,정부
국민,형량
국민,형량
국민,형량
국민,형량
국민,형량
국민,형량
국민,형량
국민,형량
국민,기준
국민,기준
국민,기준
국민,기준
국민,기준
국민,기준
국민,기준
국민,기준
국민,주관
국민,주관
국민,주관
국민,주관
국민,주관
국민,주관
국민,주관
국민,주관
국민,결정
국민,결정
국민,결정
국민,결정
국민,결정
국민,결정
국민,결정
국민,결정
국민,최소
국민,최소
국민,최소
국민,최소
국민,최소
국민,최소
국민,최소
국민,최소
국민,부탁
국민,부탁
국민,부탁
국민,부탁
국민,부탁
국민,부탁
국민,부탁
국민,부탁
국민,부패
국민,부패
국민,부패
국민,부패
국민,부패
국민,부패
국민,부패
국민,부패
국민,삼성
국민,삼성
국민,삼성
국민,삼성
국민,이재용
국민,이재용
국민,이재용
국민,이재용
국민,석방
국민,석방
국민,석방
국민,석방
국민,정형식
국민,정형식
국민,정형식
국민,정형식
국민,침해
국민,침해
국민,침해
국민,침해
국민,라며
국민,라며
국민,라며
국민,라며
국민,반발
국민,반발
국민,반발
국민,반발
국민,보도
국민,보도
국민,보도
국민,보도
국민,화가
국민,화가
국민,화가
국민,화가
국민,한국
국민,한국
국민,한국
국민,한국
국민,여태
국민,여태
국민,여태
국민,여태
국민,뒤
국민,뒤
국민,뒤
국민,뒤
국민,명도
국민,명도
국민,명도
국민,명도
국민,무소
국민,무소
국민,무소
국민,무소
국민,너무
국민,너무
국민,국회의원
국민,국회의원
국민,대한민국
국민,국회
국민,의원
국민,평균
국민,연봉
국민,배
국민,가까이
국민,해외
국민,연수
국민,비
국민,품위
국민,유지
국민,기타등등
국민,달
국민,억
국민,사람
국민,월급
국민,인원
국민,서민
국민,삶
국민,세금
국민,남아
국민,정상
국민,절반
국민,대표
국민,대표
국민,남북정상회담
국민,위장
국민,쇼
국민,폄훼
국민,홍준표
국민,망언
국민,분노
국민,사람
국민,홍
국민,공식
국민,사과
국민,자유
국민,한국
국민,강제해산
국민,청원
국민,난민
국민,난민
국민,난민
국민,난민
국민,난민
국민,난민
국민,난민
국민,난민
국민,난민
국민,난민
국민,난민
국민,난민
국민,나라
국민,나라
국민,나라
국민,나라
국민,나라
국민,나라
국민,나라
국민,나라
국민,나라
국민,나라
국민,나라
국민,나라
국민,만
국민,만
국민,만
국민,만
국민,만
국민,만
국민,만
국민,만
국민,만
국민,만
국민,만
국민,만
국민,입
국민,입
국민,입
국민,입
국민,입
국민,입
국민,고사
국민,고사
국민,고사
국민,고사
국민,고사
국민,고사
국민,청원
국민,청원
국민,청원
국민,청원
국민,청원
국민,청원
국민,국민투표
국민,국민투표
국민,국민투표
국민,국민투표
국민,국민투표
국민,국민투표
국민,독재
국민,독재
국민,독재
국민,시대
국민,시대
국민,시대
국민,시늉
국민,시늉
국민,시늉
국민,민주주의
국민,민주주의
국민,민주주의
국민,시민
국민,시민
국민,시민
국민,절대다수
국민,절대다수
국민,절대다수
국민,왜
국민,왜
국민,왜
국민,도저히
국민,도저히
국민,도저히
국민,상식
국민,상식
국민,상식
국민,이해
국민,이해
국민,이해
국민,도대체
국민,도대체
국민,도대체
국민,누구
국민,누구
국민,누구
국민,중국
국민,중국
국민,중국
국민,송양
국민,송양
국민,송양
국민,지인
국민,지인
국민,지인
국민,혼자
국민,혼자
국민,혼자
국민,선비
국민,선비
국민,선비
국민,인척
국민,인척
국민,인척
국민,리코
국민,리코
국민,리코
국민,석
국민,석
국민,석
국민,무슨
국민,무슨
국민,무슨
국민,우리나라
국민,우리나라
국민,우리나라
국민,자만
국민,자만
국민,자만
국민,잠재
국민,잠재
국민,잠재
국민,북한
국민,북한
국민,북한
국민,동포
국민,동포
국민,동포
국민,이내
국민,이내
국민,이내
국민,판
국민,판
국민,판
국민,뇨
국민,뇨
국민,뇨
국민,자기
국민,자기
국민,자기
국민,임금
국민,임금
국민,임금
국민,한해
국민,한해
국민,한해
국민,조이
국민,조이
국민,조이
국민,상이
국민,상이
국민,상이
국민,돈
국민,돈
국민,돈
국민,경기
국민,경기
국민,경기
국민,저출산
국민,저출산
국민,저출산
국민,청년실업
국민,청년실업
국민,청년실업
국민,치안
국민,치안
국민,치안
국민,부재
국민,부재
국민,부재
국민,외
국민,외
국민,외
국민,노자
국민,노자
국민,노자
국민,의왕시
국민,의왕시
국민,의왕시
국민,의왕시
국민,의왕시
국민,의왕시
국민,의왕시
국민,의왕시
국민,의왕시
국민,의왕시
국민,의왕시
국민,의왕시
국민,의왕시
국민,의왕시
국민,의왕시
국민,의왕시
국민,의왕시
국민,의왕시
국민,의왕시
국민,의왕시
국민,의왕시
국민,의왕시
국민,의왕시
국민,의왕시
국민,의왕시
국민,의왕시
국민,의왕시
국민,의왕시
국민,의왕시
국민,의왕시
국민,의왕시
국민,의왕시
국민,의왕시
국민,의왕시
국민,의왕시
국민,의왕시
국민,의왕시
국민,의왕시
국민,의왕시
국민,의왕시
국민,의왕시
국민,의왕시
국민,의왕시
국민,의왕시
국민,의왕시
국민,의왕시
국민,의왕시
국민,의왕시
국민,의왕시
국민,의왕시
국민,의왕시
국민,의왕시
국민,의왕시
국민,의왕시
국민,의왕시
국민,의왕시
국민,의왕시
국민,의왕시
국민,의왕시
국민,의왕시
국민,의왕시
국민,의왕시
국민,의왕시
국민,김상돈
국민,김상돈
국민,김상돈
국민,김상돈
국민,김상돈
국민,김상돈
국민,김상돈
국민,김상돈
국민,김상돈
국민,김상돈
국민,김상돈
국민,김상돈
국민,김상돈
국민,김상돈
국민,김상돈
국민,김상돈
국민,김상돈
국민,김상돈
국민,김상돈
국민,김상돈
국민,김상돈
국민,김상돈
국민,김상돈
국민,김상돈
국민,김상돈
국민,김상돈
국민,김상돈
국민,김상돈
국민,김상돈
국민,김상돈
국민,김상돈
국민,김상돈
국민,김상돈
국민,김상돈
국민,김상돈
국민,김상돈
국민,김상돈
국민,김상돈
국민,김상돈
국민,김상돈
국민,김상돈
국민,김상돈
국민,김상돈
국민,김상돈
국민,김상돈
국민,김상돈
국민,김상돈
국민,김상돈
국민,김상돈
국민,김상돈
국민,김상돈
국민,당선자
국민,당선자
국민,당선자
국민,당선자
국민,당선자
국민,당선자
국민,당선자
국민,당선자
국민,당선자
국민,당선자
국민,당선자
국민,당선자
국민,당선자
국민,당선자
국민,당선자
국민,당선자
국민,당선자
국민,당선자
국민,당선자
국민,당선자
국민,당선자
국민,당선자
국민,당선자
국민,당선자
국민,당선자
국민,당선자
국민,당선자
국민,당선자
국민,당선자
국민,당선자
국민,당선자
국민,당선자
국민,당선자
국민,당선자
국민,당선자
국민,당선자
국민,당선자
국민,당선자
국민,당선자
국민,당선자
국민,당선자
국민,당선자
국민,당선자
국민,당선자
국민,당선자
국민,의왕
국민,의왕
국민,의왕
국민,의왕
국민,의왕
국민,의왕
국민,의왕
국민,의왕
국민,의왕
국민,의왕
국민,의왕
국민,의왕
국민,의왕
국민,의왕
국민,의왕
국민,의왕
국민,의왕
국민,의왕
국민,의왕
국민,의왕
국민,의왕
국민,의왕
국민,의왕
국민,의왕
국민,의왕
국민,의왕
국민,의왕
국민,의왕
국민,의왕
국민,의왕
국민,의왕
국민,의왕
국민,의왕
국민,의혹
국민,의혹
국민,의혹
국민,의혹
국민,의혹
국민,의혹
국민,의혹
국민,의혹
국민,의혹
국민,의혹
국민,의혹
국민,의혹
국민,의혹
국민,의혹
국민,의혹
국민,의혹
국민,의혹
국민,의혹
국민,의혹
국민,의혹
국민,의혹
국민,의혹
국민,의혹
국민,의혹
국민,의혹
국민,의혹
국민,의혹
국민,의혹
국민,의혹
국민,의혹
국민,시민
국민,시민
국민,시민
국민,시민
국민,시민
국민,시민
국민,시민
국민,시민
국민,시민
국민,시민
국민,시민
국민,시민
국민,시민
국민,시민
국민,시민
국민,시민
국민,시민
국민,시민
국민,시민
국민,시민
국민,시민
국민,시민
국민,시민
국민,시민
국민,시민
국민,시민
국민,시민
국민,민주당
국민,민주당
국민,민주당
국민,민주당
국민,민주당
국민,민주당
국민,민주당
국민,민주당
국민,민주당
국민,민주당
국민,민주당
국민,민주당
국민,민주당
국민,민주당
국민,민주당
국민,민주당
국민,민주당
국민,민주당
국민,민주당
국민,민주당
국민,민주당
국민,민주당
국민,민주당
국민,민주당
국민,민주당
국민,민주당
국민,민주당
국민,김성제
국민,김성제
국민,김성제
국민,김성제
국민,김성제
국민,김성제
국민,김성제
국민,김성제
국민,김성제
국민,김성제
국민,김성제
국민,김성제
국민,김성제
국민,김성제
국민,김성제
국민,김성제
국민,김성제
국민,김성제
국민,김성제
국민,김성제
국민,김성제
국민,나주
국민,나주
국민,나주
국민,나주
국민,나주
국민,나주
국민,나주
국민,나주
국민,나주
국민,나주
국민,나주
국민,나주
국민,나주
국민,나주
국민,나주
국민,나주
국민,나주
국민,나주
국민,나주
국민,나주
국민,나주
국민,학력
국민,학력
국민,학력
국민,학력
국민,학력
국민,학력
국민,학력
국민,학력
국민,학력
국민,학력
국민,학력
국민,학력
국민,학력
국민,학력
국민,학력
국민,학력
국민,학력
국민,학력
국민,취득
국민,취득
국민,취득
국민,취득
국민,취득
국민,취득
국민,취득
국민,취득
국민,취득
국민,취득
국민,취득
국민,취득
국민,취득
국민,취득
국민,취득
국민,취득
국민,취득
국민,취득
국민,여러분
국민,여러분
국민,여러분
국민,여러분
국민,여러분
국민,여러분
국민,여러분
국민,여러분
국민,여러분
국민,여러분
국민,여러분
국민,여러분
국민,여러분
국민,여러분
국민,여러분
국민,여러분
국민,여러분
국민,여러분
국민,선거
국민,선거
국민,선거
국민,선거
국민,선거
국민,선거
국민,선거
국민,선거
국민,선거
국민,선거
국민,선거
국민,선거
국민,선거
국민,선거
국민,선거
국민,선거
국민,선거
국민,선거
국민,대학
국민,대학
국민,대학
국민,대학
국민,대학
국민,대학
국민,대학
국민,대학
국민,대학
국민,대학
국민,대학
국민,대학
국민,대학
국민,대학
국민,대학
국민,대학
국민,대학
국민,대학
국민,동신대학교
국민,동신대학교
국민,동신대학교
국민,동신대학교
국민,동신대학교
국민,동신대학교
국민,동신대학교
국민,동신대학교
국민,동신대학교
국민,동신대학교
국민,동신대학교
국민,동신대학교
국민,동신대학교
국민,동신대학교
국민,동신대학교
국민,동신대학교
국민,동신대학교
국민,동신대학교
국민,학교
국민,학교
국민,학교
국민,학교
국민,학교
국민,학교
국민,학교
국민,학교
국민,학교
국민,학교
국민,학교
국민,학교
국민,학교
국민,학교
국민,학교
국민,학교
국민,학교
국민,학교
국민,대학교
국민,대학교
국민,대학교
국민,대학교
국민,대학교
국민,대학교
국민,대학교
국민,대학교
국민,대학교
국민,대학교
국민,대학교
국민,대학교
국민,대학교
국민,대학교
국민,대학교
국민,대학교
국민,대학교
국민,대학교
국민,학기
국민,학기
국민,학기
국민,학기
국민,학기
국민,학기
국민,학기
국민,학기
국민,학기
국민,학기
국민,학기
국민,학기
국민,학기
국민,학기
국민,학기
국민,학기
국민,학기
국민,학기
국민,부정
국민,부정
국민,부정
국민,부정
국민,부정
국민,부정
국민,부정
국민,부정
국민,부정
국민,부정
국민,부정
국민,부정
국민,부정
국민,부정
국민,부정
국민,공천
국민,공천
국민,공천
국민,공천
국민,공천
국민,공천
국민,공천
국민,공천
국민,공천
국민,공천
국민,공천
국민,공천
국민,공천
국민,공천
국민,공천
국민,의정
국민,의정
국민,의정
국민,의정
국민,의정
국민,의정
국민,의정
국민,의정
국민,의정
국민,의정
국민,의정
국민,의정
국민,의정
국민,의정
국민,의정
국민,활동
국민,활동
국민,활동
국민,활동
국민,활동
국민,활동
국민,활동
국민,활동
국민,활동
국민,활동
국민,활동
국민,활동
국민,활동
국민,활동
국민,활동
국민,대한민국
국민,대한민국
국민,대한민국
국민,대한민국
국민,대한민국
국민,대한민국
국민,대한민국
국민,대한민국
국민,대한민국
국민,대한민국
국민,대한민국
국민,대한민국
국민,동안
국민,동안
국민,동안
국민,동안
국민,동안
국민,동안
국민,동안
국민,동안
국민,동안
국민,동안
국민,동안
국민,동안
국민,국회의원
국민,국회의원
국민,국회의원
국민,국회의원
국민,국회의원
국민,국회의원
국민,국회의원
국민,국회의원
국민,국회의원
국민,국회의원
국민,국회의원
국민,국회의원
국민,당선
국민,당선
국민,당선
국민,당선
국민,당선
국민,당선
국민,당선
국민,당선
국민,당선
국민,당선
국민,당선
국민,당선
국민,문제
국민,문제
국민,문제
국민,문제
국민,문제
국민,문제
국민,문제
국민,문제
국민,문제
국민,문제
국민,문제
국민,문제
국민,당시
국민,당시
국민,당시
국민,당시
국민,당시
국민,당시
국민,당시
국민,당시
국민,당시
국민,당시
국민,당시
국민,당시
국민,입학
국민,입학
국민,입학
국민,입학
국민,입학
국민,입학
국민,입학
국민,입학
국민,입학
국민,입학
국민,입학
국민,입학
국민,통학
국민,통학
국민,통학
국민,통학
국민,통학
국민,통학
국민,통학
국민,통학
국민,통학
국민,통학
국민,통학
국민,통학
국민,경우
국민,경우
국민,경우
국민,경우
국민,경우
국민,경우
국민,경우
국민,경우
국민,경우
국민,경우
국민,경우
국민,경우
국민,특혜
국민,특혜
국민,특혜
국민,특혜
국민,특혜
국민,특혜
국민,특혜
국민,특혜
국민,특혜
국민,특혜
국민,특혜
국민,특혜
국민,정유
국민,정유
국민,정유
국민,정유
국민,정유
국민,정유
국민,정유
국민,정유
국민,정유
국민,수도권
국민,수도권
국민,수도권
국민,수도권
국민,수도권
국민,수도권
국민,수도권
국민,수도권
국민,수도권
국민,도시
국민,도시
국민,도시
국민,도시
국민,도시
국민,도시
국민,도시
국민,도시
국민,도시
국민,지난
국민,지난
국민,지난
국민,지난
국민,지난
국민,지난
국민,지난
국민,지난
국민,지난
국민,도의
국민,도의
국민,도의
국민,도의
국민,도의
국민,도의
국민,도의
국민,도의
국민,도의
국민,출마
국민,출마
국민,출마
국민,출마
국민,출마
국민,출마
국민,출마
국민,출마
국민,출마
국민,후보
국민,후보
국민,후보
국민,후보
국민,후보
국민,후보
국민,후보
국민,후보
국민,후보
국민,학위
국민,학위
국민,학위
국민,학위
국민,학위
국민,학위
국민,학위
국민,학위
국민,학위
국민,의원
국민,의원
국민,의원
국민,의원
국민,의원
국민,의원
국민,의원
국민,의원
국민,의원
국민,학년
국민,학년
국민,학년
국민,학년
국민,학년
국민,학년
국민,학년
국민,학년
국민,학년
국민,편입
국민,편입
국민,편입
국민,편입
국민,편입
국민,편입
국민,편입
국민,편입
국민,편입
국민,정상
국민,정상
국민,정상
국민,정상
국민,정상
국민,정상
국민,정상
국민,정상
국민,정상
국민,졸업장
국민,졸업장
국민,졸업장
국민,졸업장
국민,졸업장
국민,졸업장
국민,졸업장
국민,졸업장
국민,졸업장
국민,거리
국민,거리
국민,거리
국민,거리
국민,거리
국민,거리
국민,거리
국민,거리
국민,거리
국민,대해
국민,대해
국민,대해
국민,대해
국민,대해
국민,대해
국민,대해
국민,대해
국민,대해
국민,요
국민,요
국민,요
국민,요
국민,요
국민,요
국민,요
국민,요
국민,요
국민,정
국민,정
국민,정
국민,정
국민,정
국민,정
국민,정
국민,정
국민,정
국민,대통령
국민,대통령
국민,대통령
국민,대통령
국민,대통령
국민,대통령
국민,대통령
국민,대통령
국민,국회의원
국민,국회의원
국민,국회의원
국민,국회의원
국민,국회의원
국민,국회의원
국민,국회의원
국민,국회의원
국민,나라
국민,나라
국민,나라
국민,나라
국민,나라
국민,나라
국민,쌍욕
국민,쌍욕
국민,쌍욕
국민,쌍욕
국민,막말
국민,막말
국민,막말
국민,막말
국민,도저히
국민,도저히
국민,도저히
국민,도저히
국민,수준
국민,수준
국민,수준
국민,수준
국민,하의
국민,하의
국민,하의
국민,하의
국민,말
국민,말
국민,말
국민,말
국민,남북
국민,남북
국민,남북
국민,남북
국민,뿐더러
국민,뿐더러
국민,뿐더러
국민,뿐더러
국민,모욕
국민,모욕
국민,모욕
국민,모욕
국민,조원진
국민,조원진
국민,정신
국민,정신
국민,한나라
국민,한나라
국민,표현
국민,표현
국민,자유
국민,자유
국민,비판
국민,비판
국민,금도
국민,금도
국민,선
국민,선
국민,김정숙
국민,김정숙
국민,여사
국민,여사
국민,너무
국민,너무
국민,화가
국민,화가
국민,분노
국민,분노
국민,치밀
국민,치밀
국민,어
국민,어
국민,오른
국민,오른
국민,피
국민,피
국민,세금
국민,세금
국민,부어
국민,부어
국민,우리형
국민,우리형
국민,편이
국민,편이
국민,노릇
국민,노릇
국민,정상
국민,정상
국민,회담
국민,회담
국민,핵
국민,핵
국민,폐기
국민,폐기
국민,한마디
국민,한마디
국민,못
국민,못
국민,퍼붓
국민,퍼붓
국민,햐
국민,햐
국민,무슨
국민,무슨
국민,근거
국민,근거
국민,허위
국민,허위
국민,사실
국민,사실
국민,공표
국민,공표
국민,명예
국민,명예
국민,훼손
국민,훼손
국민,당원
국민,당원
국민,당원
국민,당원
국민,당원
국민,당원
국민,당원
국민,당원
국민,당원
국민,당원
국민,당원
국민,당원
국민,당원
국민,당원
국민,당원
국민,당원
국민,당원
국민,당원
국민,당원
국민,당원
국민,당원
국민,당원
국민,당원
국민,당원
국민,당원
국민,당원
국민,당원
국민,당원
국민,당원
국민,당원
국민,당원
국민,당원
국민,당원
국민,당원
국민,당원
국민,당원
국민,당원
국민,당원
국민,당원
국민,정당
국민,정당
국민,정당
국민,정당
국민,정당
국민,정당
국민,정당
국민,정당
국민,정당
국민,정당
국민,정당
국민,정당
국민,정당
국민,정당
국민,정당
국민,정당
국민,정당
국민,정당
국민,정당
국민,정당
국민,정당
국민,정당
국민,정당
국민,정당
국민,정당
국민,정당
국민,정당
국민,권리
국민,권리
국민,권리
국민,권리
국민,권리
국민,권리
국민,권리
국민,권리
국민,권리
국민,권리
국민,권리
국민,권리
국민,권리
국민,권리
국민,권리
국민,법
국민,법
국민,법
국민,법
국민,법
국민,법
국민,법
국민,법
국민,법
국민,법
국민,법
국민,법
국민,법
국민,법
국민,법
국민,당
국민,당
국민,당
국민,당
국민,당
국민,당
국민,당
국민,당
국민,당
국민,당
국민,당
국민,당
국민,회비
국민,회비
국민,회비
국민,회비
국민,회비
국민,회비
국민,회비
국민,회비
국민,회비
국민,납부
국민,납부
국민,납부
국민,납부
국민,납부
국민,납부
국민,납부
국민,납부
국민,납부
국민,의사
국민,의사
국민,의사
국민,의사
국민,의사
국민,의사
국민,의사
국민,의사
국민,의사
국민,못
국민,못
국민,못
국민,못
국민,못
국민,못
국민,못
국민,못
국민,못
국민,헌법
국민,헌법
국민,헌법
국민,헌법
국민,헌법
국민,헌법
국민,헌법
국민,헌법
국민,헌법
국민,보호
국민,보호
국민,보호
국민,보호
국민,보호
국민,보호
국민,보호
국민,보호
국민,보호
국민,선출
국민,선출
국민,선출
국민,선출
국민,선출
국민,선출
국민,선출
국민,선출
국민,선출
국민,해산
국민,해산
국민,해산
국민,해산
국민,해산
국민,해산
국민,해산
국민,해산
국민,해산
국민,개
국민,개
국민,개
국민,개
국민,개
국민,개
국민,개
국민,개
국민,개
국민,대한민국
국민,대한민국
국민,대한민국
국민,대한민국
국민,대한민국
국민,대한민국
국민,정치
국민,정치
국민,정치
국민,정치
국민,정치
국민,정치
국민,결정
국민,결정
국민,결정
국민,결정
국민,결정
국민,결정
국민,보장
국민,보장
국민,보장
국민,보장
국민,보장
국민,보장
국민,경우
국민,경우
국민,경우
국민,경우
국민,경우
국민,경우
국민,주권
국민,주권
국민,주권
국민,주권
국민,주권
국민,주권
국민,장
국민,장
국민,장
국민,장
국민,장
국민,장
국민,총강
국민,총강
국민,총강
국민,총강
국민,총강
국민,총강
국민,조
국민,조
국민,조
국민,조
국민,조
국민,조
국민,구체
국민,구체
국민,구체
국민,구체
국민,구체
국민,구체
국민,직책
국민,직책
국민,직책
국민,직책
국민,직책
국민,직책
국민,주요
국민,주요
국민,주요
국민,주요
국민,주요
국민,주요
국민,기구
국민,기구
국민,기구
국민,기구
국민,기구
국민,기구
국민,심판
국민,심판
국민,심판
국민,심판
국민,심판
국민,심판
국민,의견
국민,의견
국민,의견
국민,의견
국민,의견
국민,의견
국민,부
국민,부
국민,부
국민,부
국민,부
국민,부
국민,자료
국민,자료
국민,자료
국민,자료
국민,자료
국민,자료
국민,유시민
국민,유시민
국민,유시민
국민,유시민
국민,유시민
국민,유시민
국민,목적
국민,목적
국민,목적
국민,목적
국민,목적
국민,목적
국민,조직
국민,조직
국민,조직
국민,조직
국민,조직
국민,조직
국민,활동
국민,활동
국민,활동
국민,활동
국민,활동
국민,활동
국민,민주
국민,민주
국민,민주
국민,민주
국민,민주
국민,민주
국민,법률
국민,법률
국민,법률
국민,법률
국민,법률
국민,법률
국민,바
국민,바
국민,바
국민,바
국민,바
국민,바
국민,국가
국민,국가
국민,국가
국민,국가
국민,국가
국민,국가
국민,헌법재판소
국민,헌법재판소
국민,헌법재판소
국민,헌법재판소
국민,헌법재판소
국민,헌법재판소
국민,책
국민,책
국민,책
국민,책
국민,책
국민,책
국민,독일
국민,독일
국민,독일
국민,독일
국민,독일
국민,독일
국민,독일법
국민,독일법
국민,독일법
국민,독일법
국민,독일법
국민,독일법
국민,조금
국민,조금
국민,조금
국민,제대로
국민,제대로
국민,제대로
국민,좌절
국민,좌절
국민,좌절
국민,명시
국민,명시
국민,명시
국민,현재
국민,현재
국민,현재
국민,언급
국민,언급
국민,언급
국민,판결
국민,판결
국민,판결
국민,판결
국민,판결
국민,판결
국민,판결
국민,판결
국민,판결
국민,판결
국민,판결
국민,판결
국민,판결
국민,판결
국민,판결
국민,판결
국민,판결
국민,판결
국민,판결
국민,판결
국민,판결
국민,판결
국민,판결
국민,판결
국민,판결
국민,판결
국민,판결
국민,판결
국민,판결
국민,판결
국민,판결
국민,판결
국민,판결
국민,판결
국민,판결
국민,판결
국민,판결
국민,판결
국민,판결
국민,판결
국민,판결
국민,판결
국민,판결
국민,판결
국민,판결
국민,대법원
국민,대법원
국민,대법원
국민,대법원
국민,대법원
국민,대법원
국민,대법원
국민,대법원
국민,대법원
국민,대법원
국민,대법원
국민,대법원
국민,대법원
국민,대법원
국민,대법원
국민,대법원
국민,대법원
국민,대법원
국민,대법원
국민,대법원
국민,대법원
국민,대법원
국민,대법원
국민,대법원
국민,대법원
국민,대법원
국민,대법원
국민,대법원
국민,대법원
국민,대법원
국민,대법원
국민,대법원
국민,대법원
국민,대법원
국민,대법원
국민,대법원
국민,대법원
국민,대법원
국민,대법원
국민,법
국민,법
국민,법
국민,법
국민,법
국민,법
국민,법
국민,법
국민,법
국민,법
국민,법
국민,법
국민,법
국민,법
국민,법
국민,법
국민,법
국민,법
국민,법
국민,법
국민,법
국민,법
국민,법
국민,법
국민,법
국민,법
국민,법
국민,법
국민,법
국민,법
국민,법
국민,법
국민,법
국민,국가
국민,국가
국민,국가
국민,국가
국민,국가
국민,국가
국민,국가
국민,국가
국민,국가
국민,국가
국민,국가
국민,국가
국민,국가
국민,국가
국민,국가
국민,국가
국민,국가
국민,국가
국민,국가
국민,국가
국민,국가
국민,국가
국민,국가
국민,국가
국민,국가
국민,국가
국민,국가
국민,국가
국민,국가
국민,국가
국민,기술
국민,기술
국민,기술
국민,기술
국민,기술
국민,기술
국민,기술
국민,기술
국민,기술
국민,기술
국민,기술
국민,기술
국민,기술
국민,기술
국민,기술
국민,기술
국민,기술
국민,기술
국민,기술
국민,기술
국민,기술
국민,기술
국민,기술
국민,기술
국민,기술
국민,기술
국민,기술
국민,양승태
국민,양승태
국민,양승태
국민,양승태
국민,양승태
국민,양승태
국민,양승태
국민,양승태
국민,양승태
국민,양승태
국민,양승태
국민,양승태
국민,양승태
국민,양승태
국민,양승태
국민,양승태
국민,양승태
국민,양승태
국민,양승태
국민,양승태
국민,양승태
국민,양승태
국민,양승태
국민,양승태
국민,승소
국민,승소
국민,승소
국민,승소
국민,승소
국민,승소
국민,승소
국민,승소
국민,승소
국민,승소
국민,승소
국민,승소
국민,승소
국민,승소
국민,승소
국민,승소
국민,승소
국민,승소
국민,승소
국민,승소
국민,승소
국민,승소
국민,승소
국민,승소
국민,인증
국민,인증
국민,인증
국민,인증
국민,인증
국민,인증
국민,인증
국민,인증
국민,인증
국민,인증
국민,인증
국민,인증
국민,인증
국민,인증
국민,인증
국민,인증
국민,인증
국민,인증
국민,인증
국민,인증
국민,인증
국민,구매
국민,구매
국민,구매
국민,구매
국민,구매
국민,구매
국민,구매
국민,구매
국민,구매
국민,구매
국민,구매
국민,구매
국민,구매
국민,구매
국민,구매
국민,구매
국민,구매
국민,구매
국민,구매
국민,구매
국민,구매
국민,개발
국민,개발
국민,개발
국민,개발
국민,개발
국민,개발
국민,개발
국민,개발
국민,개발
국민,개발
국민,개발
국민,개발
국민,개발
국민,개발
국민,개발
국민,개발
국민,개발
국민,개발
국민,공공기관
국민,공공기관
국민,공공기관
국민,공공기관
국민,공공기관
국민,공공기관
국민,공공기관
국민,공공기관
국민,공공기관
국민,공공기관
국민,공공기관
국민,공공기관
국민,공공기관
국민,공공기관
국민,공공기관
국민,공공기관
국민,공공기관
국민,공공기관
국민,의무
국민,의무
국민,의무
국민,의무
국민,의무
국민,의무
국민,의무
국민,의무
국민,의무
국민,의무
국민,의무
국민,의무
국민,의무
국민,의무
국민,의무
국민,의무
국민,의무
국민,의무
국민,신제품
국민,신제품
국민,신제품
국민,신제품
국민,신제품
국민,신제품
국민,신제품
국민,신제품
국민,신제품
국민,신제품
국민,신제품
국민,신제품
국민,신제품
국민,신제품
국민,신제품
국민,정부
국민,정부
국민,정부
국민,정부
국민,정부
국민,정부
국민,정부
국민,정부
국민,정부
국민,정부
국민,정부
국민,정부
국민,정부
국민,정부
국민,정부
국민,법률
국민,법률
국민,법률
국민,법률
국민,법률
국민,법률
국민,법률
국민,법률
국민,법률
국민,법률
국민,법률
국민,법률
국민,법률
국민,법률
국민,법률
국민,관련
국민,관련
국민,관련
국민,관련
국민,관련
국민,관련
국민,관련
국민,관련
국민,관련
국민,관련
국민,관련
국민,관련
국민,관련
국민,관련
국민,관련
국민,소송
국민,소송
국민,소송
국민,소송
국민,소송
국민,소송
국민,소송
국민,소송
국민,소송
국민,소송
국민,소송
국민,소송
국민,소송
국민,소송
국민,소송
국민,심
국민,심
국민,심
국민,심
국민,심
국민,심
국민,심
국민,심
국민,심
국민,심
국민,심
국민,심
국민,심
국민,심
국민,심
국민,재판
국민,재판
국민,재판
국민,재판
국민,재판
국민,재판
국민,재판
국민,재판
국민,재판
국민,재판
국민,재판
국민,재판
국민,재판
국민,재판
국민,재판
국민,참여정부
국민,참여정부
국민,참여정부
국민,참여정부
국민,참여정부
국민,참여정부
국민,참여정부
국민,참여정부
국민,참여정부
국민,참여정부
국민,참여정부
국민,참여정부
국민,중소기업
국민,중소기업
국민,중소기업
국민,중소기업
국민,중소기업
국민,중소기업
국민,중소기업
국민,중소기업
국민,중소기업
국민,중소기업
국민,중소기업
국민,중소기업
국민,기업인
국민,기업인
국민,기업인
국민,기업인
국민,기업인
국민,기업인
국민,기업인
국민,기업인
국민,기업인
국민,기업인
국민,기업인
국민,기업인
국민,피해
국민,피해
국민,피해
국민,피해
국민,피해
국민,피해
국민,피해
국민,피해
국민,피해
국민,피해
국민,피해
국민,피해
국민,이행
국민,이행
국민,이행
국민,이행
국민,이행
국민,이행
국민,이행
국민,이행
국민,이행
국민,이행
국민,이행
국민,이행
국민,모두
국민,모두
국민,모두
국민,모두
국민,모두
국민,모두
국민,모두
국민,모두
국민,모두
국민,모두
국민,모두
국민,모두
국민,대법관
국민,대법관
국민,대법관
국민,대법관
국민,대법관
국민,대법관
국민,대법관
국민,대법관
국민,대법관
국민,대법관
국민,대법관
국민,대법관
국민,제품
국민,제품
국민,제품
국민,제품
국민,제품
국민,제품
국민,제품
국민,제품
국민,제품
국민,이상
국민,이상
국민,이상
국민,이상
국민,이상
국민,이상
국민,이상
국민,이상
국민,이상
국민,정책
국민,정책
국민,정책
국민,정책
국민,정책
국민,정책
국민,정책
국민,정책
국민,정책
국민,공무원
국민,공무원
국민,공무원
국민,공무원
국민,공무원
국민,공무원
국민,공무원
국민,공무원
국민,공무원
국민,손해배상
국민,손해배상
국민,손해배상
국민,손해배상
국민,손해배상
국민,손해배상
국민,손해배상
국민,손해배상
국민,손해배상
국민,대상
국민,대상
국민,대상
국민,대상
국민,대상
국민,대상
국민,대상
국민,대상
국민,대상
국민,모든
국민,모든
국민,모든
국민,모든
국민,모든
국민,모든
국민,모든
국민,모든
국민,모든
국민,사건
국민,사건
국민,사건
국민,사건
국민,사건
국민,사건
국민,사건
국민,사건
국민,사건
국민,재정
국민,재정
국민,재정
국민,재정
국민,재정
국민,재정
국민,재정
국민,재정
국민,재정
국민,기사
국민,기사
국민,기사
국민,기사
국민,기사
국민,기사
국민,기사
국민,기사
국민,기사
국민,기업
국민,기업
국민,기업
국민,기업
국민,기업
국민,기업
국민,당시
국민,당시
국민,당시
국민,당시
국민,당시
국민,당시
국민,내용
국민,내용
국민,내용
국민,내용
국민,내용
국민,내용
국민,혁신
국민,혁신
국민,혁신
국민,혁신
국민,혁신
국민,혁신
국민,생산
국민,생산
국민,생산
국민,생산
국민,생산
국민,생산
국민,설비
국민,설비
국민,설비
국민,설비
국민,설비
국민,설비
국민,파산
국민,파산
국민,파산
국민,파산
국민,파산
국민,파산
국민,신
국민,신
국민,신
국민,신
국민,신
국민,신
국민,국토관리청
국민,국토관리청
국민,국토관리청
국민,국토관리청
국민,국토관리청
국민,국토관리청
국민,지방자치단체
국민,지방자치단체
국민,지방자치단체
국민,지방자치단체
국민,지방자치단체
국민,지방자치단체
국민,누구
국민,누구
국민,누구
국민,누구
국민,누구
국민,누구
국민,건의
국민,건의
국민,건의
국민,건의
국민,건의
국민,건의
국민,대전
국민,대전
국민,대전
국민,대전
국민,대전
국민,대전
국민,대한민국
국민,대한민국
국민,대한민국
국민,대한민국
국민,대한민국
국민,대한민국
국민,훈장
국민,훈장
국민,훈장
국민,훈장
국민,모습
국민,모습
국민,모습
국민,모습
국민,김종필
국민,김종필
국민,쿠데타
국민,쿠데타
국민,일원
국민,일원
국민,한일협정
국민,한일협정
국민,해악
국민,해악
국민,끼
국민,끼
국민,지역
국민,지역
국민,주의
국민,주의
국민,부추
국민,부추
국민,겨
국민,겨
국민,민주주의
국민,민주주의
국민,후퇴
국민,후퇴
국민,장본인
국민,장본인
국민,가장
국민,가장
국민,추서
국민,추서
국민,건
국민,건
국민,사람
국민,사람
국민,악행
국민,악행
국민,이제
국민,이제
국민,겨우
국민,겨우
국민,촛불
국민,촛불
국민,다시
국민,다시
국민,민주
국민,민주
국민,정권
국민,정권
국민,적폐
국민,적폐
국민,두목
국민,두목
국민,뜻
국민,뜻
국민,철회
국민,철회
국민,청원
국민,청원
국민,비
국민,비
국민,비
국민,비
국민,비
국민,비
국민,의원
국민,의원
국민,의원
국민,의원
국민,특수
국민,특수
국민,특수
국민,특수
국민,활동
국민,활동
국민,활동
국민,활동
국민,대한민국
국민,대한민국
국민,정의
국민,정의
국민,바로
국민,바로
국민,최근
국민,최근
국민,불법
국민,불법
국민,적법
국민,적법
국민,청와대
국민,청와대
국민,업무
국민,업무
국민,추진
국민,추진
국민,시비
국민,시비
국민,정치
국민,정치
국민,쟁
국민,쟁
국민,점화
국민,점화
국민,심재철
국민,심재철
국민,부의
국민,부의
국민,시절
국민,시절
국민,공개
국민,공개
국민,김성태
국민,김성태
국민,원내대표
국민,원내대표
국민,동료
국민,동료
국민,밥
국민,밥
국민,끼
국민,끼
국민,사지
국민,사지
국민,심의
국민,심의
국민,얼마나
국민,얼마나
국민,바르게
국민,바르게
국민,혈세
국민,혈세
국민,권리
국민,권리
국민,나라
국민,나라
국민,바
국민,바
국민,도지사
국민,조폭
국민,연루
국민,의혹
국민,경기도
국민,지사
국민,이재명
국민,코마
국민,트레이드
국민,특검
국민,요청
문재인,언론
문재인,언론
문재인,계정
문재인,계정
문재인,수사
문재인,수사
문재인,법무부
문재인,법무부
문재인,대통령
문재인,대통령
문재인,꼭
문재인,꼭
문재인,연일
문재인,메인
문재인,장식
문재인,일명
문재인,혜경궁
문재인,김씨
문재인,트위터
문재인,과정
문재인,미국
문재인,공조
문재인,신청
문재인,한국
문재인,보도
문재인,무슨
문재인,고
문재인,노무현
문재인,전
문재인,현
문재인,악질
문재인,비방
문재인,상대
문재인,경선
문재인,후보
문재인,대해
문재인,낙선
문재인,목적
문재인,허위
문재인,사실
문재인,유포
문재인,고발
문재인,국민
문재인,해당
문재인,주가
문재인,누구
문재인,법적
문재인,처벌
문재인,상황
문재인,왜
문재인,제동
문재인,도저히
문재인,납득
문재인,청와대
문재인,문제
문재인,국회
문재인,국회
문재인,국회
문재인,국회
문재인,야당
문재인,야당
문재인,야당
문재인,야당
문재인,개헌
문재인,개헌
문재인,개헌
문재인,개헌
문재인,지방선거
문재인,지방선거
문재인,지방선거
문재인,동시
문재인,동시
문재인,동시
문재인,국민
문재인,국민
문재인,지난
문재인,지난
문재인,발목
문재인,발목
문재인,잡기
문재인,잡기
문재인,일관
문재인,일관
문재인,식
문재인,식
문재인,당시
문재인,당시
문재인,후보
문재인,후보
문재인,특검
문재인,특검
문재인,대체
문재인,대체
문재인,너무
문재인,화가
문재인,마음
문재인,청원
문재인,대한민국
문재인,민생
문재인,인질
문재인,입
문재인,간
문재인,법안
문재인,통과
문재인,율
문재인,이건
문재인,국회의장
문재인,법사
문재인,위원장
문재인,무조건
문재인,대다수
문재인,의원
문재인,직무
문재인,유기
문재인,대통령
문재인,벌써
문재인,탄핵
문재인,원래
문재인,줄곧
문재인,주창
문재인,공약
문재인,대선
문재인,홍준표
문재인,경우
문재인,의지
문재인,며
문재인,적도
문재인,살인자
문재인,살인자
문재인,살인자
문재인,살인자
문재인,살인자
문재인,살인자
문재인,살인자
문재인,뉴스
문재인,뉴스
문재인,뉴스
문재인,뉴스
문재인,뉴스
문재인,가짜
문재인,가짜
문재인,가짜
문재인,가짜
문재인,경찰
문재인,경찰
문재인,경찰
문재인,경찰
문재인,정의
문재인,정의
문재인,정의
문재인,정의
문재인,시민
문재인,시민
문재인,시민
문재인,시민
문재인,사건
문재인,사건
문재인,사건
문재인,국민
문재인,국민
문재인,국민
문재인,피해자
문재인,피해자
문재인,피해자
문재인,사람
문재인,사람
문재인,사람
문재인,처벌
문재인,처벌
문재인,발생
문재인,발생
문재인,결과
문재인,결과
문재인,가해자
문재인,가해자
문재인,정황
문재인,정황
문재인,혼란
문재인,혼란
문재인,목격자
문재인,목격자
문재인,잔혹
문재인,잔혹
문재인,죄목
문재인,죄목
문재인,여성
문재인,여성
문재인,말
문재인,말
문재인,행위
문재인,행위
문재인,당시
문재인,당시
문재인,살인
문재인,살인
문재인,거짓
문재인,거짓
문재인,계속
문재인,계속
문재인,사회
문재인,사회
문재인,문제
문재인,문제
문재인,대통령
문재인,엄중
문재인,이제
문재인,첫
문재인,칼
문재인,빼
문재인,차례
문재인,이번
문재인,최근
문재인,강력범죄
문재인,온
문재인,농락
문재인,초래
문재인,상황
문재인,낙인
문재인,스스로
문재인,자신
문재인,증거
문재인,퍼트
문재인,려
문재인,진실
문재인,비판
문재인,비판
문재인,비판
문재인,비판
문재인,정부
문재인,정부
문재인,정부
문재인,댓글
문재인,댓글
문재인,댓글
문재인,집중
문재인,집중
문재인,집중
문재인,사건
문재인,사건
문재인,사건
문재인,대통령
문재인,대통령
문재인,부대
문재인,부대
문재인,수구
문재인,수구
문재인,세력
문재인,세력
문재인,발생
문재인,조중동
문재인,뉴시스
문재인,연합뉴스
문재인,네이버뉴스
문재인,지면
문재인,악의
문재인,글
문재인,조직
문재인,시기
문재인,옵션
문재인,열기
문재인,노출
문재인,경찰
문재인,검찰
문재인,청와대
문재인,청원
